state_key,state,level,year,provisions
central,Central (Union of India),Central,1834,1
central,Central (Union of India),Central,1835,10
central,Central (Union of India),Central,1836,79
central,Central (Union of India),Central,1837,52
central,Central (Union of India),Central,1838,135
central,Central (Union of India),Central,1839,44
central,Central (Union of India),Central,1840,103
central,Central (Union of India),Central,1841,67
central,Central (Union of India),Central,1842,51
central,Central (Union of India),Central,1843,95
central,Central (Union of India),Central,1844,110
central,Central (Union of India),Central,1845,94
central,Central (Union of India),Central,1846,11
central,Central (Union of India),Central,1847,42
central,Central (Union of India),Central,1848,49
central,Central (Union of India),Central,1849,69
central,Central (Union of India),Central,1850,126
central,Central (Union of India),Central,1851,74
central,Central (Union of India),Central,1852,153
central,Central (Union of India),Central,1853,37
central,Central (Union of India),Central,1854,90
central,Central (Union of India),Central,1855,214
central,Central (Union of India),Central,1856,32
central,Central (Union of India),Central,1857,137
central,Central (Union of India),Central,1858,48
central,Central (Union of India),Central,1859,116
central,Central (Union of India),Central,1860,1038
central,Central (Union of India),Central,1861,236
central,Central (Union of India),Central,1862,126
central,Central (Union of India),Central,1863,181
central,Central (Union of India),Central,1864,235
central,Central (Union of India),Central,1865,304
central,Central (Union of India),Central,1866,320
central,Central (Union of India),Central,1867,103
central,Central (Union of India),Central,1868,310
central,Central (Union of India),Central,1869,465
central,Central (Union of India),Central,1870,366
central,Central (Union of India),Central,1871,691
central,Central (Union of India),Central,1872,758
central,Central (Union of India),Central,1873,234
central,Central (Union of India),Central,1874,199
central,Central (Union of India),Central,1875,301
central,Central (Union of India),Central,1876,351
central,Central (Union of India),Central,1877,247
central,Central (Union of India),Central,1878,277
central,Central (Union of India),Central,1879,130
central,Central (Union of India),Central,1880,141
central,Central (Union of India),Central,1881,532
central,Central (Union of India),Central,1882,1047
central,Central (Union of India),Central,1883,238
central,Central (Union of India),Central,1884,444
central,Central (Union of India),Central,1885,78
central,Central (Union of India),Central,1886,375
central,Central (Union of India),Central,1887,550
central,Central (Union of India),Central,1888,51
central,Central (Union of India),Central,1889,90
central,Central (Union of India),Central,1890,239
central,Central (Union of India),Central,1891,94
central,Central (Union of India),Central,1892,37
central,Central (Union of India),Central,1893,52
central,Central (Union of India),Central,1894,205
central,Central (Union of India),Central,1895,28
central,Central (Union of India),Central,1896,84
central,Central (Union of India),Central,1897,165
central,Central (Union of India),Central,1898,241
central,Central (Union of India),Central,1899,414
central,Central (Union of India),Central,1900,59
central,Central (Union of India),Central,1901,100
central,Central (Union of India),Central,1902,23
central,Central (Union of India),Central,1903,192
central,Central (Union of India),Central,1904,43
central,Central (Union of India),Central,1906,56
central,Central (Union of India),Central,1907,540
central,Central (Union of India),Central,1908,2062
central,Central (Union of India),Central,1909,260
central,Central (Union of India),Central,1910,212
central,Central (Union of India),Central,1911,170
central,Central (Union of India),Central,1912,235
central,Central (Union of India),Central,1913,101
central,Central (Union of India),Central,1914,119
central,Central (Union of India),Central,1915,110
central,Central (Union of India),Central,1916,35
central,Central (Union of India),Central,1917,243
central,Central (Union of India),Central,1918,35
central,Central (Union of India),Central,1919,23
central,Central (Union of India),Central,1920,377
central,Central (Union of India),Central,1921,46
central,Central (Union of India),Central,1922,77
central,Central (Union of India),Central,1923,177
central,Central (Union of India),Central,1924,31
central,Central (Union of India),Central,1925,550
central,Central (Union of India),Central,1926,44
central,Central (Union of India),Central,1927,138
central,Central (Union of India),Central,1928,7
central,Central (Union of India),Central,1929,31
central,Central (Union of India),Central,1930,178
central,Central (Union of India),Central,1931,3
central,Central (Union of India),Central,1932,132
central,Central (Union of India),Central,1933,34
central,Central (Union of India),Central,1934,748
central,Central (Union of India),Central,1935,6
central,Central (Union of India),Central,1936,871
central,Central (Union of India),Central,1937,64
central,Central (Union of India),Central,1938,1172
central,Central (Union of India),Central,1939,522
central,Central (Union of India),Central,1940,312
central,Central (Union of India),Central,1941,19
central,Central (Union of India),Central,1942,252
central,Central (Union of India),Central,1943,5
central,Central (Union of India),Central,1944,321
central,Central (Union of India),Central,1945,16
central,Central (Union of India),Central,1946,74
central,Central (Union of India),Central,1947,387
central,Central (Union of India),Central,1948,705
central,Central (Union of India),Central,1949,551
central,Central (Union of India),Central,1950,968
central,Central (Union of India),Central,1951,997
central,Central (Union of India),Central,1952,605
central,Central (Union of India),Central,1953,602
central,Central (Union of India),Central,1954,279
central,Central (Union of India),Central,1955,442
central,Central (Union of India),Central,1956,1599
central,Central (Union of India),Central,1957,1812
central,Central (Union of India),Central,1958,1287
central,Central (Union of India),Central,1959,455
central,Central (Union of India),Central,1960,1007
central,Central (Union of India),Central,1961,3185
central,Central (Union of India),Central,1962,643
central,Central (Union of India),Central,1963,586
central,Central (Union of India),Central,1964,171
central,Central (Union of India),Central,1965,237
central,Central (Union of India),Central,1966,464
central,Central (Union of India),Central,1967,175
central,Central (Union of India),Central,1968,637
central,Central (Union of India),Central,1969,327
central,Central (Union of India),Central,1970,599
central,Central (Union of India),Central,1971,645
central,Central (Union of India),Central,1972,1138
central,Central (Union of India),Central,1973,87
central,Central (Union of India),Central,1974,514
central,Central (Union of India),Central,1975,1710
central,Central (Union of India),Central,1976,705
central,Central (Union of India),Central,1977,140
central,Central (Union of India),Central,1978,556
central,Central (Union of India),Central,1979,1712
central,Central (Union of India),Central,1980,715
central,Central (Union of India),Central,1981,1084
central,Central (Union of India),Central,1982,471
central,Central (Union of India),Central,1983,153
central,Central (Union of India),Central,1984,471
central,Central (Union of India),Central,1985,850
central,Central (Union of India),Central,1986,2630
central,Central (Union of India),Central,1987,1018
central,Central (Union of India),Central,1988,786
central,Central (Union of India),Central,1989,675
central,Central (Union of India),Central,1990,62
central,Central (Union of India),Central,1991,122
central,Central (Union of India),Central,1992,831
central,Central (Union of India),Central,1993,1376
central,Central (Union of India),Central,1994,1418
central,Central (Union of India),Central,1995,1025
central,Central (Union of India),Central,1996,1116
central,Central (Union of India),Central,1997,243
central,Central (Union of India),Central,1998,465
central,Central (Union of India),Central,1999,1745
central,Central (Union of India),Central,2000,3367
central,Central (Union of India),Central,2001,1137
central,Central (Union of India),Central,2002,2272
central,Central (Union of India),Central,2003,2305
central,Central (Union of India),Central,2004,3558
central,Central (Union of India),Central,2005,5296
central,Central (Union of India),Central,2006,6483
central,Central (Union of India),Central,2007,6678
central,Central (Union of India),Central,2008,6674
central,Central (Union of India),Central,2009,6539
central,Central (Union of India),Central,2010,8711
central,Central (Union of India),Central,2011,7530
central,Central (Union of India),Central,2012,12097
central,Central (Union of India),Central,2013,13203
central,Central (Union of India),Central,2014,16722
central,Central (Union of India),Central,2015,37885
central,Central (Union of India),Central,2016,34846
central,Central (Union of India),Central,2017,27383
central,Central (Union of India),Central,2018,33429
central,Central (Union of India),Central,2019,19168
central,Central (Union of India),Central,2020,19479
central,Central (Union of India),Central,2021,19477
central,Central (Union of India),Central,2022,17974
central,Central (Union of India),Central,2023,33562
central,Central (Union of India),Central,2024,26221
central,Central (Union of India),Central,2025,53273
central,Central (Union of India),Central,2026,3800
west-bengal,West Bengal,State or territory,1947,45
west-bengal,West Bengal,State or territory,1948,316
west-bengal,West Bengal,State or territory,1949,207
west-bengal,West Bengal,State or territory,1950,344
west-bengal,West Bengal,State or territory,1951,174
west-bengal,West Bengal,State or territory,1952,70
west-bengal,West Bengal,State or territory,1953,228
west-bengal,West Bengal,State or territory,1954,151
west-bengal,West Bengal,State or territory,1955,393
west-bengal,West Bengal,State or territory,1956,572
west-bengal,West Bengal,State or territory,1957,47
west-bengal,West Bengal,State or territory,1958,137
west-bengal,West Bengal,State or territory,1959,171
west-bengal,West Bengal,State or territory,1960,89
west-bengal,West Bengal,State or territory,1961,183
west-bengal,West Bengal,State or territory,1962,77
west-bengal,West Bengal,State or territory,1963,318
west-bengal,West Bengal,State or territory,1964,67
west-bengal,West Bengal,State or territory,1965,105
west-bengal,West Bengal,State or territory,1966,247
west-bengal,West Bengal,State or territory,1967,53
west-bengal,West Bengal,State or territory,1968,235
west-bengal,West Bengal,State or territory,1969,96
west-bengal,West Bengal,State or territory,1970,389
west-bengal,West Bengal,State or territory,1971,104
west-bengal,West Bengal,State or territory,1972,315
west-bengal,West Bengal,State or territory,1973,1454
west-bengal,West Bengal,State or territory,1974,513
west-bengal,West Bengal,State or territory,1975,240
west-bengal,West Bengal,State or territory,1976,301
west-bengal,West Bengal,State or territory,1977,166
west-bengal,West Bengal,State or territory,1978,196
west-bengal,West Bengal,State or territory,1979,622
west-bengal,West Bengal,State or territory,1980,1303
west-bengal,West Bengal,State or territory,1981,824
west-bengal,West Bengal,State or territory,1982,206
west-bengal,West Bengal,State or territory,1983,386
west-bengal,West Bengal,State or territory,1984,259
west-bengal,West Bengal,State or territory,1985,181
west-bengal,West Bengal,State or territory,1986,175
west-bengal,West Bengal,State or territory,1987,132
west-bengal,West Bengal,State or territory,1988,181
west-bengal,West Bengal,State or territory,1989,139
west-bengal,West Bengal,State or territory,1990,1434
west-bengal,West Bengal,State or territory,1991,305
west-bengal,West Bengal,State or territory,1992,386
west-bengal,West Bengal,State or territory,1993,880
west-bengal,West Bengal,State or territory,1994,1042
west-bengal,West Bengal,State or territory,1995,408
west-bengal,West Bengal,State or territory,1996,236
west-bengal,West Bengal,State or territory,1997,514
west-bengal,West Bengal,State or territory,1998,187
west-bengal,West Bengal,State or territory,1999,310
west-bengal,West Bengal,State or territory,2000,578
west-bengal,West Bengal,State or territory,2001,485
west-bengal,West Bengal,State or territory,2002,401
west-bengal,West Bengal,State or territory,2003,605
west-bengal,West Bengal,State or territory,2004,267
west-bengal,West Bengal,State or territory,2005,416
west-bengal,West Bengal,State or territory,2006,1374
west-bengal,West Bengal,State or territory,2007,974
west-bengal,West Bengal,State or territory,2008,209
west-bengal,West Bengal,State or territory,2009,252
west-bengal,West Bengal,State or territory,2010,673
west-bengal,West Bengal,State or territory,2011,749
west-bengal,West Bengal,State or territory,2012,886
west-bengal,West Bengal,State or territory,2013,459
west-bengal,West Bengal,State or territory,2014,946
west-bengal,West Bengal,State or territory,2015,732
west-bengal,West Bengal,State or territory,2016,331
west-bengal,West Bengal,State or territory,2017,1573
west-bengal,West Bengal,State or territory,2018,895
west-bengal,West Bengal,State or territory,2019,455
west-bengal,West Bengal,State or territory,2020,156
west-bengal,West Bengal,State or territory,2021,147
west-bengal,West Bengal,State or territory,2022,105
west-bengal,West Bengal,State or territory,2023,212
west-bengal,West Bengal,State or territory,2024,245
maharashtra,Maharashtra,State or territory,1866,1
maharashtra,Maharashtra,State or territory,1875,13
maharashtra,Maharashtra,State or territory,1890,67
maharashtra,Maharashtra,State or territory,1906,71
maharashtra,Maharashtra,State or territory,1909,40
maharashtra,Maharashtra,State or territory,1913,94
maharashtra,Maharashtra,State or territory,1922,5
maharashtra,Maharashtra,State or territory,1923,47
maharashtra,Maharashtra,State or territory,1926,7
maharashtra,Maharashtra,State or territory,1928,7
maharashtra,Maharashtra,State or territory,1936,141
maharashtra,Maharashtra,State or territory,1939,48
maharashtra,Maharashtra,State or territory,1942,29
maharashtra,Maharashtra,State or territory,1943,1
maharashtra,Maharashtra,State or territory,1945,13
maharashtra,Maharashtra,State or territory,1946,423
maharashtra,Maharashtra,State or territory,1947,22
maharashtra,Maharashtra,State or territory,1948,1314
maharashtra,Maharashtra,State or territory,1949,40
maharashtra,Maharashtra,State or territory,1950,6
maharashtra,Maharashtra,State or territory,1951,29
maharashtra,Maharashtra,State or territory,1952,30
maharashtra,Maharashtra,State or territory,1953,2
maharashtra,Maharashtra,State or territory,1954,70
maharashtra,Maharashtra,State or territory,1955,144
maharashtra,Maharashtra,State or territory,1956,62
maharashtra,Maharashtra,State or territory,1957,12
maharashtra,Maharashtra,State or territory,1958,145
maharashtra,Maharashtra,State or territory,1959,100
maharashtra,Maharashtra,State or territory,1960,662
maharashtra,Maharashtra,State or territory,1961,1225
maharashtra,Maharashtra,State or territory,1962,71
maharashtra,Maharashtra,State or territory,1963,81
maharashtra,Maharashtra,State or territory,1964,129
maharashtra,Maharashtra,State or territory,1965,353
maharashtra,Maharashtra,State or territory,1966,1170
maharashtra,Maharashtra,State or territory,1967,79
maharashtra,Maharashtra,State or territory,1968,42
maharashtra,Maharashtra,State or territory,1969,261
maharashtra,Maharashtra,State or territory,1970,198
maharashtra,Maharashtra,State or territory,1971,561
maharashtra,Maharashtra,State or territory,1972,17
maharashtra,Maharashtra,State or territory,1973,1092
maharashtra,Maharashtra,State or territory,1974,348
maharashtra,Maharashtra,State or territory,1975,314
maharashtra,Maharashtra,State or territory,1976,994
maharashtra,Maharashtra,State or territory,1977,73
maharashtra,Maharashtra,State or territory,1978,27
maharashtra,Maharashtra,State or territory,1979,272
maharashtra,Maharashtra,State or territory,1980,93
maharashtra,Maharashtra,State or territory,1981,176
maharashtra,Maharashtra,State or territory,1982,88
maharashtra,Maharashtra,State or territory,1983,516
maharashtra,Maharashtra,State or territory,1984,176
maharashtra,Maharashtra,State or territory,1985,21
maharashtra,Maharashtra,State or territory,1986,113
maharashtra,Maharashtra,State or territory,1987,40
maharashtra,Maharashtra,State or territory,1989,107
maharashtra,Maharashtra,State or territory,1991,7
maharashtra,Maharashtra,State or territory,1993,35
maharashtra,Maharashtra,State or territory,1994,89
maharashtra,Maharashtra,State or territory,1995,83
maharashtra,Maharashtra,State or territory,1996,572
maharashtra,Maharashtra,State or territory,1997,820
maharashtra,Maharashtra,State or territory,1998,598
maharashtra,Maharashtra,State or territory,1999,356
maharashtra,Maharashtra,State or territory,2000,127
maharashtra,Maharashtra,State or territory,2001,91
maharashtra,Maharashtra,State or territory,2002,456
maharashtra,Maharashtra,State or territory,2003,15
maharashtra,Maharashtra,State or territory,2004,135
maharashtra,Maharashtra,State or territory,2005,460
maharashtra,Maharashtra,State or territory,2006,168
maharashtra,Maharashtra,State or territory,2007,1
maharashtra,Maharashtra,State or territory,2008,86
maharashtra,Maharashtra,State or territory,2009,155
maharashtra,Maharashtra,State or territory,2010,62
maharashtra,Maharashtra,State or territory,2011,198
maharashtra,Maharashtra,State or territory,2012,186
maharashtra,Maharashtra,State or territory,2013,269
maharashtra,Maharashtra,State or territory,2014,366
maharashtra,Maharashtra,State or territory,2015,319
maharashtra,Maharashtra,State or territory,2016,792
maharashtra,Maharashtra,State or territory,2017,662
maharashtra,Maharashtra,State or territory,2018,164
maharashtra,Maharashtra,State or territory,2020,350
maharashtra,Maharashtra,State or territory,2021,753
maharashtra,Maharashtra,State or territory,2022,303
maharashtra,Maharashtra,State or territory,2023,1164
maharashtra,Maharashtra,State or territory,2024,42
maharashtra,Maharashtra,State or territory,2025,15
karnataka,Karnataka,State or territory,1899,97
karnataka,Karnataka,State or territory,1952,49
karnataka,Karnataka,State or territory,1955,56
karnataka,Karnataka,State or territory,1956,315
karnataka,Karnataka,State or territory,1957,1213
karnataka,Karnataka,State or territory,1958,332
karnataka,Karnataka,State or territory,1959,585
karnataka,Karnataka,State or territory,1960,194
karnataka,Karnataka,State or territory,1961,1801
karnataka,Karnataka,State or territory,1962,243
karnataka,Karnataka,State or territory,1963,807
karnataka,Karnataka,State or territory,1964,1737
karnataka,Karnataka,State or territory,1965,536
karnataka,Karnataka,State or territory,1966,1164
karnataka,Karnataka,State or territory,1967,16
karnataka,Karnataka,State or territory,1968,38
karnataka,Karnataka,State or territory,1972,83
karnataka,Karnataka,State or territory,1973,363
karnataka,Karnataka,State or territory,1974,164
karnataka,Karnataka,State or territory,1975,84
karnataka,Karnataka,State or territory,1976,2014
karnataka,Karnataka,State or territory,1977,76
karnataka,Karnataka,State or territory,1978,25
karnataka,Karnataka,State or territory,1979,77
karnataka,Karnataka,State or territory,1980,138
karnataka,Karnataka,State or territory,1981,92
karnataka,Karnataka,State or territory,1982,27
karnataka,Karnataka,State or territory,1983,417
karnataka,Karnataka,State or territory,1984,196
karnataka,Karnataka,State or territory,1985,62
karnataka,Karnataka,State or territory,1986,282
karnataka,Karnataka,State or territory,1987,173
karnataka,Karnataka,State or territory,1988,34
karnataka,Karnataka,State or territory,1991,273
karnataka,Karnataka,State or territory,1992,221
karnataka,Karnataka,State or territory,1993,1040
karnataka,Karnataka,State or territory,1994,447
karnataka,Karnataka,State or territory,1995,65
karnataka,Karnataka,State or territory,1996,183
karnataka,Karnataka,State or territory,1997,498
karnataka,Karnataka,State or territory,1998,91
karnataka,Karnataka,State or territory,1999,476
karnataka,Karnataka,State or territory,2000,389
karnataka,Karnataka,State or territory,2002,179
karnataka,Karnataka,State or territory,2003,33
karnataka,Karnataka,State or territory,2004,228
karnataka,Karnataka,State or territory,2005,82
karnataka,Karnataka,State or territory,2007,111
karnataka,Karnataka,State or territory,2009,1048
karnataka,Karnataka,State or territory,2010,366
karnataka,Karnataka,State or territory,2011,468
karnataka,Karnataka,State or territory,2012,1272
karnataka,Karnataka,State or territory,2013,1062
karnataka,Karnataka,State or territory,2014,165
karnataka,Karnataka,State or territory,2015,312
karnataka,Karnataka,State or territory,2016,347
karnataka,Karnataka,State or territory,2017,762
karnataka,Karnataka,State or territory,2018,1019
karnataka,Karnataka,State or territory,2019,204
karnataka,Karnataka,State or territory,2020,1336
karnataka,Karnataka,State or territory,2021,731
karnataka,Karnataka,State or territory,2022,1088
karnataka,Karnataka,State or territory,2023,402
karnataka,Karnataka,State or territory,2024,1023
karnataka,Karnataka,State or territory,2025,74
rajasthan,Rajasthan,State or territory,1860,156
rajasthan,Rajasthan,State or territory,1872,7
rajasthan,Rajasthan,State or territory,1885,57
rajasthan,Rajasthan,State or territory,1923,181
rajasthan,Rajasthan,State or territory,1936,67
rajasthan,Rajasthan,State or territory,1939,6
rajasthan,Rajasthan,State or territory,1946,211
rajasthan,Rajasthan,State or territory,1948,369
rajasthan,Rajasthan,State or territory,1949,15
rajasthan,Rajasthan,State or territory,1950,173
rajasthan,Rajasthan,State or territory,1951,194
rajasthan,Rajasthan,State or territory,1952,195
rajasthan,Rajasthan,State or territory,1953,313
rajasthan,Rajasthan,State or territory,1954,564
rajasthan,Rajasthan,State or territory,1955,638
rajasthan,Rajasthan,State or territory,1956,269
rajasthan,Rajasthan,State or territory,1957,129
rajasthan,Rajasthan,State or territory,1958,283
rajasthan,Rajasthan,State or territory,1959,681
rajasthan,Rajasthan,State or territory,1960,79
rajasthan,Rajasthan,State or territory,1961,689
rajasthan,Rajasthan,State or territory,1962,222
rajasthan,Rajasthan,State or territory,1963,261
rajasthan,Rajasthan,State or territory,1964,175
rajasthan,Rajasthan,State or territory,1965,90
rajasthan,Rajasthan,State or territory,1966,100
rajasthan,Rajasthan,State or territory,1969,277
rajasthan,Rajasthan,State or territory,1970,106
rajasthan,Rajasthan,State or territory,1971,89
rajasthan,Rajasthan,State or territory,1972,38
rajasthan,Rajasthan,State or territory,1973,2032
rajasthan,Rajasthan,State or territory,1974,85
rajasthan,Rajasthan,State or territory,1975,147
rajasthan,Rajasthan,State or territory,1976,151
rajasthan,Rajasthan,State or territory,1977,22
rajasthan,Rajasthan,State or territory,1978,11
rajasthan,Rajasthan,State or territory,1979,251
rajasthan,Rajasthan,State or territory,1980,7
rajasthan,Rajasthan,State or territory,1981,4
rajasthan,Rajasthan,State or territory,1982,191
rajasthan,Rajasthan,State or territory,1983,56
rajasthan,Rajasthan,State or territory,1984,16
rajasthan,Rajasthan,State or territory,1985,3
rajasthan,Rajasthan,State or territory,1986,135
rajasthan,Rajasthan,State or territory,1987,388
rajasthan,Rajasthan,State or territory,1989,76
rajasthan,Rajasthan,State or territory,1990,45
rajasthan,Rajasthan,State or territory,1991,7
rajasthan,Rajasthan,State or territory,1992,68
rajasthan,Rajasthan,State or territory,1993,10
rajasthan,Rajasthan,State or territory,1994,173
rajasthan,Rajasthan,State or territory,1995,233
rajasthan,Rajasthan,State or territory,1996,236
rajasthan,Rajasthan,State or territory,1997,19
rajasthan,Rajasthan,State or territory,1998,284
rajasthan,Rajasthan,State or territory,1999,378
rajasthan,Rajasthan,State or territory,2000,238
rajasthan,Rajasthan,State or territory,2001,97
rajasthan,Rajasthan,State or territory,2002,125
rajasthan,Rajasthan,State or territory,2003,465
rajasthan,Rajasthan,State or territory,2004,20
rajasthan,Rajasthan,State or territory,2005,141
rajasthan,Rajasthan,State or territory,2006,172
rajasthan,Rajasthan,State or territory,2007,111
rajasthan,Rajasthan,State or territory,2008,888
rajasthan,Rajasthan,State or territory,2009,1254
rajasthan,Rajasthan,State or territory,2010,752
rajasthan,Rajasthan,State or territory,2011,615
rajasthan,Rajasthan,State or territory,2012,1901
rajasthan,Rajasthan,State or territory,2013,1770
rajasthan,Rajasthan,State or territory,2014,639
rajasthan,Rajasthan,State or territory,2015,685
rajasthan,Rajasthan,State or territory,2016,548
rajasthan,Rajasthan,State or territory,2017,1146
rajasthan,Rajasthan,State or territory,2018,610
rajasthan,Rajasthan,State or territory,2019,534
rajasthan,Rajasthan,State or territory,2020,111
rajasthan,Rajasthan,State or territory,2021,188
rajasthan,Rajasthan,State or territory,2022,88
rajasthan,Rajasthan,State or territory,2023,1229
rajasthan,Rajasthan,State or territory,2024,108
rajasthan,Rajasthan,State or territory,2025,571
chhattisgarh,Chhattisgarh,State or territory,1860,157
chhattisgarh,Chhattisgarh,State or territory,1867,46
chhattisgarh,Chhattisgarh,State or territory,1870,168
chhattisgarh,Chhattisgarh,State or territory,1872,7
chhattisgarh,Chhattisgarh,State or territory,1878,33
chhattisgarh,Chhattisgarh,State or territory,1879,11
chhattisgarh,Chhattisgarh,State or territory,1894,64
chhattisgarh,Chhattisgarh,State or territory,1899,68
chhattisgarh,Chhattisgarh,State or territory,1908,1562
chhattisgarh,Chhattisgarh,State or territory,1912,4
chhattisgarh,Chhattisgarh,State or territory,1915,264
chhattisgarh,Chhattisgarh,State or territory,1919,10
chhattisgarh,Chhattisgarh,State or territory,1923,134
chhattisgarh,Chhattisgarh,State or territory,1931,175
chhattisgarh,Chhattisgarh,State or territory,1932,10
chhattisgarh,Chhattisgarh,State or territory,1934,28
chhattisgarh,Chhattisgarh,State or territory,1936,208
chhattisgarh,Chhattisgarh,State or territory,1937,8
chhattisgarh,Chhattisgarh,State or territory,1944,5
chhattisgarh,Chhattisgarh,State or territory,1946,31
chhattisgarh,Chhattisgarh,State or territory,1947,66
chhattisgarh,Chhattisgarh,State or territory,1948,622
chhattisgarh,Chhattisgarh,State or territory,1949,422
chhattisgarh,Chhattisgarh,State or territory,1950,31
chhattisgarh,Chhattisgarh,State or territory,1951,164
chhattisgarh,Chhattisgarh,State or territory,1952,35
chhattisgarh,Chhattisgarh,State or territory,1954,203
chhattisgarh,Chhattisgarh,State or territory,1955,83
chhattisgarh,Chhattisgarh,State or territory,1956,3280
chhattisgarh,Chhattisgarh,State or territory,1957,60
chhattisgarh,Chhattisgarh,State or territory,1958,382
chhattisgarh,Chhattisgarh,State or territory,1959,642
chhattisgarh,Chhattisgarh,State or territory,1960,767
chhattisgarh,Chhattisgarh,State or territory,1961,1097
chhattisgarh,Chhattisgarh,State or territory,1962,92
chhattisgarh,Chhattisgarh,State or territory,1963,54
chhattisgarh,Chhattisgarh,State or territory,1964,163
chhattisgarh,Chhattisgarh,State or territory,1965,137
chhattisgarh,Chhattisgarh,State or territory,1966,74
chhattisgarh,Chhattisgarh,State or territory,1967,122
chhattisgarh,Chhattisgarh,State or territory,1968,39
chhattisgarh,Chhattisgarh,State or territory,1969,96
chhattisgarh,Chhattisgarh,State or territory,1970,182
chhattisgarh,Chhattisgarh,State or territory,1971,68
chhattisgarh,Chhattisgarh,State or territory,1972,1507
chhattisgarh,Chhattisgarh,State or territory,1973,3105
chhattisgarh,Chhattisgarh,State or territory,1974,131
chhattisgarh,Chhattisgarh,State or territory,1976,250
chhattisgarh,Chhattisgarh,State or territory,1978,38
chhattisgarh,Chhattisgarh,State or territory,1979,18
chhattisgarh,Chhattisgarh,State or territory,1980,167
chhattisgarh,Chhattisgarh,State or territory,1981,202
chhattisgarh,Chhattisgarh,State or territory,1982,426
chhattisgarh,Chhattisgarh,State or territory,1983,8
chhattisgarh,Chhattisgarh,State or territory,1984,99
chhattisgarh,Chhattisgarh,State or territory,1985,4
chhattisgarh,Chhattisgarh,State or territory,1986,131
chhattisgarh,Chhattisgarh,State or territory,1987,189
chhattisgarh,Chhattisgarh,State or territory,1988,27
chhattisgarh,Chhattisgarh,State or territory,1991,199
chhattisgarh,Chhattisgarh,State or territory,1993,249
chhattisgarh,Chhattisgarh,State or territory,1994,185
chhattisgarh,Chhattisgarh,State or territory,1995,357
chhattisgarh,Chhattisgarh,State or territory,1996,164
chhattisgarh,Chhattisgarh,State or territory,1997,68
chhattisgarh,Chhattisgarh,State or territory,1998,9
chhattisgarh,Chhattisgarh,State or territory,1999,244
chhattisgarh,Chhattisgarh,State or territory,2000,74
chhattisgarh,Chhattisgarh,State or territory,2001,104
chhattisgarh,Chhattisgarh,State or territory,2002,333
chhattisgarh,Chhattisgarh,State or territory,2003,342
chhattisgarh,Chhattisgarh,State or territory,2004,255
chhattisgarh,Chhattisgarh,State or territory,2005,700
chhattisgarh,Chhattisgarh,State or territory,2006,203
chhattisgarh,Chhattisgarh,State or territory,2007,126
chhattisgarh,Chhattisgarh,State or territory,2008,514
chhattisgarh,Chhattisgarh,State or territory,2009,91
chhattisgarh,Chhattisgarh,State or territory,2010,109
chhattisgarh,Chhattisgarh,State or territory,2011,771
chhattisgarh,Chhattisgarh,State or territory,2012,138
chhattisgarh,Chhattisgarh,State or territory,2013,355
chhattisgarh,Chhattisgarh,State or territory,2014,81
chhattisgarh,Chhattisgarh,State or territory,2015,174
chhattisgarh,Chhattisgarh,State or territory,2016,195
chhattisgarh,Chhattisgarh,State or territory,2017,573
chhattisgarh,Chhattisgarh,State or territory,2018,168
chhattisgarh,Chhattisgarh,State or territory,2019,150
chhattisgarh,Chhattisgarh,State or territory,2023,44
chandigarh,Chandigarh,State or territory,1860,312
chandigarh,Chandigarh,State or territory,1867,79
chandigarh,Chandigarh,State or territory,1870,114
chandigarh,Chandigarh,State or territory,1872,586
chandigarh,Chandigarh,State or territory,1885,57
chandigarh,Chandigarh,State or territory,1894,134
chandigarh,Chandigarh,State or territory,1899,8
chandigarh,Chandigarh,State or territory,1900,41
chandigarh,Chandigarh,State or territory,1912,136
chandigarh,Chandigarh,State or territory,1913,3
chandigarh,Chandigarh,State or territory,1914,221
chandigarh,Chandigarh,State or territory,1916,24
chandigarh,Chandigarh,State or territory,1918,53
chandigarh,Chandigarh,State or territory,1920,21
chandigarh,Chandigarh,State or territory,1923,161
chandigarh,Chandigarh,State or territory,1924,83
chandigarh,Chandigarh,State or territory,1925,1
chandigarh,Chandigarh,State or territory,1926,164
chandigarh,Chandigarh,State or territory,1930,15
chandigarh,Chandigarh,State or territory,1932,118
chandigarh,Chandigarh,State or territory,1933,14
chandigarh,Chandigarh,State or territory,1935,70
chandigarh,Chandigarh,State or territory,1936,135
chandigarh,Chandigarh,State or territory,1938,28
chandigarh,Chandigarh,State or territory,1939,54
chandigarh,Chandigarh,State or territory,1940,2062
chandigarh,Chandigarh,State or territory,1941,21
chandigarh,Chandigarh,State or territory,1942,4
chandigarh,Chandigarh,State or territory,1946,31
chandigarh,Chandigarh,State or territory,1947,484
chandigarh,Chandigarh,State or territory,1948,1337
chandigarh,Chandigarh,State or territory,1949,291
chandigarh,Chandigarh,State or territory,1950,43
chandigarh,Chandigarh,State or territory,1951,49
chandigarh,Chandigarh,State or territory,1952,441
chandigarh,Chandigarh,State or territory,1953,137
chandigarh,Chandigarh,State or territory,1954,93
chandigarh,Chandigarh,State or territory,1955,109
chandigarh,Chandigarh,State or territory,1956,134
chandigarh,Chandigarh,State or territory,1957,18
chandigarh,Chandigarh,State or territory,1958,57
chandigarh,Chandigarh,State or territory,1960,32
chandigarh,Chandigarh,State or territory,1961,318
chandigarh,Chandigarh,State or territory,1962,819
chandigarh,Chandigarh,State or territory,1964,4
chandigarh,Chandigarh,State or territory,1965,188
chandigarh,Chandigarh,State or territory,1968,97
chandigarh,Chandigarh,State or territory,1970,154
chandigarh,Chandigarh,State or territory,1971,486
chandigarh,Chandigarh,State or territory,1972,414
chandigarh,Chandigarh,State or territory,1973,4026
chandigarh,Chandigarh,State or territory,1976,1037
chandigarh,Chandigarh,State or territory,1979,1
chandigarh,Chandigarh,State or territory,1980,4
chandigarh,Chandigarh,State or territory,1981,13
chandigarh,Chandigarh,State or territory,1983,38
chandigarh,Chandigarh,State or territory,1985,397
chandigarh,Chandigarh,State or territory,1986,168
chandigarh,Chandigarh,State or territory,1987,78
chandigarh,Chandigarh,State or territory,1988,374
chandigarh,Chandigarh,State or territory,1992,14
chandigarh,Chandigarh,State or territory,1994,180
chandigarh,Chandigarh,State or territory,1995,39
chandigarh,Chandigarh,State or territory,1996,13
chandigarh,Chandigarh,State or territory,1999,94
chandigarh,Chandigarh,State or territory,2000,244
chandigarh,Chandigarh,State or territory,2001,51
chandigarh,Chandigarh,State or territory,2002,89
chandigarh,Chandigarh,State or territory,2005,311
chandigarh,Chandigarh,State or territory,2006,66
chandigarh,Chandigarh,State or territory,2007,164
chandigarh,Chandigarh,State or territory,2008,194
chandigarh,Chandigarh,State or territory,2011,24
chandigarh,Chandigarh,State or territory,2012,60
chandigarh,Chandigarh,State or territory,2013,78
chandigarh,Chandigarh,State or territory,2015,75
chandigarh,Chandigarh,State or territory,2016,998
chandigarh,Chandigarh,State or territory,2017,22
chandigarh,Chandigarh,State or territory,2018,11
kerala,Kerala,State or territory,1951,43
kerala,Kerala,State or territory,1955,251
kerala,Kerala,State or territory,1956,112
kerala,Kerala,State or territory,1957,313
kerala,Kerala,State or territory,1958,235
kerala,Kerala,State or territory,1959,317
kerala,Kerala,State or territory,1960,616
kerala,Kerala,State or territory,1961,530
kerala,Kerala,State or territory,1962,22
kerala,Kerala,State or territory,1963,787
kerala,Kerala,State or territory,1964,27
kerala,Kerala,State or territory,1965,245
kerala,Kerala,State or territory,1966,30
kerala,Kerala,State or territory,1967,145
kerala,Kerala,State or territory,1968,198
kerala,Kerala,State or territory,1969,227
kerala,Kerala,State or territory,1970,62
kerala,Kerala,State or territory,1971,521
kerala,Kerala,State or territory,1972,117
kerala,Kerala,State or territory,1974,149
kerala,Kerala,State or territory,1975,184
kerala,Kerala,State or territory,1976,274
kerala,Kerala,State or territory,1977,27
kerala,Kerala,State or territory,1978,57
kerala,Kerala,State or territory,1979,142
kerala,Kerala,State or territory,1980,224
kerala,Kerala,State or territory,1981,228
kerala,Kerala,State or territory,1983,61
kerala,Kerala,State or territory,1985,189
kerala,Kerala,State or territory,1986,479
kerala,Kerala,State or territory,1987,43
kerala,Kerala,State or territory,1989,195
kerala,Kerala,State or territory,1990,20
kerala,Kerala,State or territory,1991,10
kerala,Kerala,State or territory,1993,74
kerala,Kerala,State or territory,1994,143
kerala,Kerala,State or territory,1996,13
kerala,Kerala,State or territory,1997,42
kerala,Kerala,State or territory,1998,147
kerala,Kerala,State or territory,1999,396
kerala,Kerala,State or territory,2000,128
kerala,Kerala,State or territory,2001,211
kerala,Kerala,State or territory,2002,120
kerala,Kerala,State or territory,2003,723
kerala,Kerala,State or territory,2005,148
kerala,Kerala,State or territory,2006,188
kerala,Kerala,State or territory,2007,558
kerala,Kerala,State or territory,2008,334
kerala,Kerala,State or territory,2009,173
kerala,Kerala,State or territory,2010,1110
kerala,Kerala,State or territory,2011,435
kerala,Kerala,State or territory,2012,86
kerala,Kerala,State or territory,2013,200
kerala,Kerala,State or territory,2014,198
kerala,Kerala,State or territory,2015,59
kerala,Kerala,State or territory,2016,651
kerala,Kerala,State or territory,2017,657
kerala,Kerala,State or territory,2018,239
kerala,Kerala,State or territory,2019,424
kerala,Kerala,State or territory,2021,756
kerala,Kerala,State or territory,2022,60
kerala,Kerala,State or territory,2023,204
kerala,Kerala,State or territory,2024,83
kerala,Kerala,State or territory,2025,87
punjab,Punjab,State or territory,1887,479
punjab,Punjab,State or territory,1894,134
punjab,Punjab,State or territory,1897,5
punjab,Punjab,State or territory,1900,85
punjab,Punjab,State or territory,1911,618
punjab,Punjab,State or territory,1912,1
punjab,Punjab,State or territory,1913,3
punjab,Punjab,State or territory,1914,899
punjab,Punjab,State or territory,1922,195
punjab,Punjab,State or territory,1923,134
punjab,Punjab,State or territory,1924,53
punjab,Punjab,State or territory,1925,456
punjab,Punjab,State or territory,1926,110
punjab,Punjab,State or territory,1931,44
punjab,Punjab,State or territory,1932,21
punjab,Punjab,State or territory,1936,67
punjab,Punjab,State or territory,1937,11
punjab,Punjab,State or territory,1939,5
punjab,Punjab,State or territory,1942,22
punjab,Punjab,State or territory,1946,31
punjab,Punjab,State or territory,1947,167
punjab,Punjab,State or territory,1948,466
punjab,Punjab,State or territory,1949,12
punjab,Punjab,State or territory,1950,85
punjab,Punjab,State or territory,1952,250
punjab,Punjab,State or territory,1953,92
punjab,Punjab,State or territory,1954,26
punjab,Punjab,State or territory,1955,100
punjab,Punjab,State or territory,1956,59
punjab,Punjab,State or territory,1957,45
punjab,Punjab,State or territory,1958,79
punjab,Punjab,State or territory,1959,72
punjab,Punjab,State or territory,1960,38
punjab,Punjab,State or territory,1961,484
punjab,Punjab,State or territory,1962,69
punjab,Punjab,State or territory,1963,71
punjab,Punjab,State or territory,1965,114
punjab,Punjab,State or territory,1966,43
punjab,Punjab,State or territory,1967,17
punjab,Punjab,State or territory,1968,14
punjab,Punjab,State or territory,1969,150
punjab,Punjab,State or territory,1970,61
punjab,Punjab,State or territory,1971,118
punjab,Punjab,State or territory,1972,48
punjab,Punjab,State or territory,1973,772
punjab,Punjab,State or territory,1976,219
punjab,Punjab,State or territory,1978,138
punjab,Punjab,State or territory,1981,41
punjab,Punjab,State or territory,1982,5
punjab,Punjab,State or territory,1983,18
punjab,Punjab,State or territory,1986,36
punjab,Punjab,State or territory,1992,67
punjab,Punjab,State or territory,1994,646
punjab,Punjab,State or territory,1995,624
punjab,Punjab,State or territory,1996,411
punjab,Punjab,State or territory,1997,33
punjab,Punjab,State or territory,1998,54
punjab,Punjab,State or territory,1999,8
punjab,Punjab,State or territory,2000,25
punjab,Punjab,State or territory,2001,22
punjab,Punjab,State or territory,2002,192
punjab,Punjab,State or territory,2003,35
punjab,Punjab,State or territory,2004,42
punjab,Punjab,State or territory,2005,439
punjab,Punjab,State or territory,2006,326
punjab,Punjab,State or territory,2008,204
punjab,Punjab,State or territory,2009,401
punjab,Punjab,State or territory,2010,53
punjab,Punjab,State or territory,2011,85
punjab,Punjab,State or territory,2012,403
punjab,Punjab,State or territory,2013,102
punjab,Punjab,State or territory,2014,145
punjab,Punjab,State or territory,2015,76
punjab,Punjab,State or territory,2016,284
punjab,Punjab,State or territory,2017,196
punjab,Punjab,State or territory,2018,196
punjab,Punjab,State or territory,2019,394
punjab,Punjab,State or territory,2020,376
punjab,Punjab,State or territory,2021,1350
punjab,Punjab,State or territory,2022,229
punjab,Punjab,State or territory,2023,255
punjab,Punjab,State or territory,2025,72
madhya-pradesh,Madhya Pradesh,State or territory,1860,885
madhya-pradesh,Madhya Pradesh,State or territory,1867,104
madhya-pradesh,Madhya Pradesh,State or territory,1872,317
madhya-pradesh,Madhya Pradesh,State or territory,1899,33
madhya-pradesh,Madhya Pradesh,State or territory,1908,115
madhya-pradesh,Madhya Pradesh,State or territory,1919,10
madhya-pradesh,Madhya Pradesh,State or territory,1923,152
madhya-pradesh,Madhya Pradesh,State or territory,1931,442
madhya-pradesh,Madhya Pradesh,State or territory,1937,8
madhya-pradesh,Madhya Pradesh,State or territory,1944,1
madhya-pradesh,Madhya Pradesh,State or territory,1947,61
madhya-pradesh,Madhya Pradesh,State or territory,1948,12
madhya-pradesh,Madhya Pradesh,State or territory,1950,31
madhya-pradesh,Madhya Pradesh,State or territory,1951,261
madhya-pradesh,Madhya Pradesh,State or territory,1952,24
madhya-pradesh,Madhya Pradesh,State or territory,1954,68
madhya-pradesh,Madhya Pradesh,State or territory,1955,102
madhya-pradesh,Madhya Pradesh,State or territory,1956,591
madhya-pradesh,Madhya Pradesh,State or territory,1957,50
madhya-pradesh,Madhya Pradesh,State or territory,1958,315
madhya-pradesh,Madhya Pradesh,State or territory,1959,554
madhya-pradesh,Madhya Pradesh,State or territory,1960,619
madhya-pradesh,Madhya Pradesh,State or territory,1961,76
madhya-pradesh,Madhya Pradesh,State or territory,1962,92
madhya-pradesh,Madhya Pradesh,State or territory,1963,23
madhya-pradesh,Madhya Pradesh,State or territory,1965,119
madhya-pradesh,Madhya Pradesh,State or territory,1967,9
madhya-pradesh,Madhya Pradesh,State or territory,1968,39
madhya-pradesh,Madhya Pradesh,State or territory,1970,117
madhya-pradesh,Madhya Pradesh,State or territory,1972,289
madhya-pradesh,Madhya Pradesh,State or territory,1973,1430
madhya-pradesh,Madhya Pradesh,State or territory,1974,695
madhya-pradesh,Madhya Pradesh,State or territory,1976,244
madhya-pradesh,Madhya Pradesh,State or territory,1978,14
madhya-pradesh,Madhya Pradesh,State or territory,1979,59
madhya-pradesh,Madhya Pradesh,State or territory,1980,216
madhya-pradesh,Madhya Pradesh,State or territory,1981,49
madhya-pradesh,Madhya Pradesh,State or territory,1982,278
madhya-pradesh,Madhya Pradesh,State or territory,1983,52
madhya-pradesh,Madhya Pradesh,State or territory,1985,5
madhya-pradesh,Madhya Pradesh,State or territory,1986,93
madhya-pradesh,Madhya Pradesh,State or territory,1987,67
madhya-pradesh,Madhya Pradesh,State or territory,1990,119
madhya-pradesh,Madhya Pradesh,State or territory,1991,765
madhya-pradesh,Madhya Pradesh,State or territory,1993,682
madhya-pradesh,Madhya Pradesh,State or territory,1994,191
madhya-pradesh,Madhya Pradesh,State or territory,1995,112
madhya-pradesh,Madhya Pradesh,State or territory,1996,125
madhya-pradesh,Madhya Pradesh,State or territory,1997,34
madhya-pradesh,Madhya Pradesh,State or territory,1998,196
madhya-pradesh,Madhya Pradesh,State or territory,1999,217
madhya-pradesh,Madhya Pradesh,State or territory,2000,283
madhya-pradesh,Madhya Pradesh,State or territory,2002,273
madhya-pradesh,Madhya Pradesh,State or territory,2003,228
madhya-pradesh,Madhya Pradesh,State or territory,2004,134
madhya-pradesh,Madhya Pradesh,State or territory,2005,76
madhya-pradesh,Madhya Pradesh,State or territory,2006,74
madhya-pradesh,Madhya Pradesh,State or territory,2007,384
madhya-pradesh,Madhya Pradesh,State or territory,2008,101
madhya-pradesh,Madhya Pradesh,State or territory,2009,36
madhya-pradesh,Madhya Pradesh,State or territory,2010,80
madhya-pradesh,Madhya Pradesh,State or territory,2011,79
madhya-pradesh,Madhya Pradesh,State or territory,2012,64
madhya-pradesh,Madhya Pradesh,State or territory,2013,58
madhya-pradesh,Madhya Pradesh,State or territory,2014,262
madhya-pradesh,Madhya Pradesh,State or territory,2015,62
madhya-pradesh,Madhya Pradesh,State or territory,2016,3
madhya-pradesh,Madhya Pradesh,State or territory,2017,569
madhya-pradesh,Madhya Pradesh,State or territory,2018,72
madhya-pradesh,Madhya Pradesh,State or territory,2019,44
madhya-pradesh,Madhya Pradesh,State or territory,2021,71
madhya-pradesh,Madhya Pradesh,State or territory,2022,36
madhya-pradesh,Madhya Pradesh,State or territory,2023,1
telangana,Telangana,State or territory,1837,3
telangana,Telangana,State or territory,1839,4
telangana,Telangana,State or territory,1864,80
telangana,Telangana,State or territory,1866,17
telangana,Telangana,State or territory,1869,8
telangana,Telangana,State or territory,1889,16
telangana,Telangana,State or territory,1891,18
telangana,Telangana,State or territory,1893,3
telangana,Telangana,State or territory,1905,25
telangana,Telangana,State or territory,1919,40
telangana,Telangana,State or territory,1920,109
telangana,Telangana,State or territory,1923,36
telangana,Telangana,State or territory,1924,3
telangana,Telangana,State or territory,1925,53
telangana,Telangana,State or territory,1926,24
telangana,Telangana,State or territory,1936,24
telangana,Telangana,State or territory,1938,10
telangana,Telangana,State or territory,1939,14
telangana,Telangana,State or territory,1940,56
telangana,Telangana,State or territory,1948,305
telangana,Telangana,State or territory,1950,298
telangana,Telangana,State or territory,1951,77
telangana,Telangana,State or territory,1952,145
telangana,Telangana,State or territory,1953,18
telangana,Telangana,State or territory,1954,116
telangana,Telangana,State or territory,1955,1677
telangana,Telangana,State or territory,1956,562
telangana,Telangana,State or territory,1957,53
telangana,Telangana,State or territory,1958,111
telangana,Telangana,State or territory,1959,12
telangana,Telangana,State or territory,1960,170
telangana,Telangana,State or territory,1961,120
telangana,Telangana,State or territory,1962,44
telangana,Telangana,State or territory,1963,166
telangana,Telangana,State or territory,1964,441
telangana,Telangana,State or territory,1965,124
telangana,Telangana,State or territory,1966,188
telangana,Telangana,State or territory,1967,146
telangana,Telangana,State or territory,1968,283
telangana,Telangana,State or territory,1970,23
telangana,Telangana,State or territory,1971,126
telangana,Telangana,State or territory,1972,58
telangana,Telangana,State or territory,1973,92
telangana,Telangana,State or territory,1974,62
telangana,Telangana,State or territory,1975,208
telangana,Telangana,State or territory,1976,135
telangana,Telangana,State or territory,1977,144
telangana,Telangana,State or territory,1978,16
telangana,Telangana,State or territory,1979,143
telangana,Telangana,State or territory,1980,24
telangana,Telangana,State or territory,1982,376
telangana,Telangana,State or territory,1983,62
telangana,Telangana,State or territory,1984,175
telangana,Telangana,State or territory,1985,197
telangana,Telangana,State or territory,1986,242
telangana,Telangana,State or territory,1987,263
telangana,Telangana,State or territory,1988,284
telangana,Telangana,State or territory,1989,288
telangana,Telangana,State or territory,1991,256
telangana,Telangana,State or territory,1992,124
telangana,Telangana,State or territory,1993,82
telangana,Telangana,State or territory,1994,50
telangana,Telangana,State or territory,1995,296
telangana,Telangana,State or territory,1996,16
telangana,Telangana,State or territory,1997,202
telangana,Telangana,State or territory,1998,578
telangana,Telangana,State or territory,1999,77
telangana,Telangana,State or territory,2001,198
telangana,Telangana,State or territory,2002,262
telangana,Telangana,State or territory,2004,24
telangana,Telangana,State or territory,2005,608
telangana,Telangana,State or territory,2006,312
telangana,Telangana,State or territory,2007,294
telangana,Telangana,State or territory,2008,811
telangana,Telangana,State or territory,2009,46
telangana,Telangana,State or territory,2010,37
telangana,Telangana,State or territory,2011,80
telangana,Telangana,State or territory,2013,15
telangana,Telangana,State or territory,2014,3
telangana,Telangana,State or territory,2015,66
telangana,Telangana,State or territory,2016,159
telangana,Telangana,State or territory,2017,706
telangana,Telangana,State or territory,2018,1003
telangana,Telangana,State or territory,2019,721
telangana,Telangana,State or territory,2020,79
telangana,Telangana,State or territory,2024,262
dadra-nagar-haveli,Dadra and Nagar Haveli,State or territory,1860,140
dadra-nagar-haveli,Dadra and Nagar Haveli,State or territory,1872,7
dadra-nagar-haveli,Dadra and Nagar Haveli,State or territory,1894,38
dadra-nagar-haveli,Dadra and Nagar Haveli,State or territory,1897,6
dadra-nagar-haveli,Dadra and Nagar Haveli,State or territory,1908,85
dadra-nagar-haveli,Dadra and Nagar Haveli,State or territory,1916,26
dadra-nagar-haveli,Dadra and Nagar Haveli,State or territory,1920,11
dadra-nagar-haveli,Dadra and Nagar Haveli,State or territory,1923,87
dadra-nagar-haveli,Dadra and Nagar Haveli,State or territory,1926,37
dadra-nagar-haveli,Dadra and Nagar Haveli,State or territory,1936,67
dadra-nagar-haveli,Dadra and Nagar Haveli,State or territory,1939,6
dadra-nagar-haveli,Dadra and Nagar Haveli,State or territory,1946,38
dadra-nagar-haveli,Dadra and Nagar Haveli,State or territory,1947,5
dadra-nagar-haveli,Dadra and Nagar Haveli,State or territory,1948,727
dadra-nagar-haveli,Dadra and Nagar Haveli,State or territory,1951,247
dadra-nagar-haveli,Dadra and Nagar Haveli,State or territory,1954,25
dadra-nagar-haveli,Dadra and Nagar Haveli,State or territory,1955,348
dadra-nagar-haveli,Dadra and Nagar Haveli,State or territory,1956,325
dadra-nagar-haveli,Dadra and Nagar Haveli,State or territory,1959,92
dadra-nagar-haveli,Dadra and Nagar Haveli,State or territory,1960,534
dadra-nagar-haveli,Dadra and Nagar Haveli,State or territory,1961,51
dadra-nagar-haveli,Dadra and Nagar Haveli,State or territory,1962,48
dadra-nagar-haveli,Dadra and Nagar Haveli,State or territory,1964,1872
dadra-nagar-haveli,Dadra and Nagar Haveli,State or territory,1965,720
dadra-nagar-haveli,Dadra and Nagar Haveli,State or territory,1966,180
dadra-nagar-haveli,Dadra and Nagar Haveli,State or territory,1968,2434
dadra-nagar-haveli,Dadra and Nagar Haveli,State or territory,1969,54
dadra-nagar-haveli,Dadra and Nagar Haveli,State or territory,1970,27
dadra-nagar-haveli,Dadra and Nagar Haveli,State or territory,1971,42
dadra-nagar-haveli,Dadra and Nagar Haveli,State or territory,1972,624
dadra-nagar-haveli,Dadra and Nagar Haveli,State or territory,1973,1508
dadra-nagar-haveli,Dadra and Nagar Haveli,State or territory,1974,812
dadra-nagar-haveli,Dadra and Nagar Haveli,State or territory,1975,350
dadra-nagar-haveli,Dadra and Nagar Haveli,State or territory,1976,217
dadra-nagar-haveli,Dadra and Nagar Haveli,State or territory,1978,5
dadra-nagar-haveli,Dadra and Nagar Haveli,State or territory,1980,193
dadra-nagar-haveli,Dadra and Nagar Haveli,State or territory,1981,7
dadra-nagar-haveli,Dadra and Nagar Haveli,State or territory,1982,61
dadra-nagar-haveli,Dadra and Nagar Haveli,State or territory,1984,334
dadra-nagar-haveli,Dadra and Nagar Haveli,State or territory,1985,613
dadra-nagar-haveli,Dadra and Nagar Haveli,State or territory,1986,358
dadra-nagar-haveli,Dadra and Nagar Haveli,State or territory,1987,56
dadra-nagar-haveli,Dadra and Nagar Haveli,State or territory,1994,67
dadra-nagar-haveli,Dadra and Nagar Haveli,State or territory,1995,17
dadra-nagar-haveli,Dadra and Nagar Haveli,State or territory,1996,13
dadra-nagar-haveli,Dadra and Nagar Haveli,State or territory,1997,31
dadra-nagar-haveli,Dadra and Nagar Haveli,State or territory,2000,3
dadra-nagar-haveli,Dadra and Nagar Haveli,State or territory,2001,52
dadra-nagar-haveli,Dadra and Nagar Haveli,State or territory,2003,284
dadra-nagar-haveli,Dadra and Nagar Haveli,State or territory,2004,4
dadra-nagar-haveli,Dadra and Nagar Haveli,State or territory,2005,402
dadra-nagar-haveli,Dadra and Nagar Haveli,State or territory,2006,61
dadra-nagar-haveli,Dadra and Nagar Haveli,State or territory,2008,197
dadra-nagar-haveli,Dadra and Nagar Haveli,State or territory,2010,123
dadra-nagar-haveli,Dadra and Nagar Haveli,State or territory,2012,157
dadra-nagar-haveli,Dadra and Nagar Haveli,State or territory,2013,98
dadra-nagar-haveli,Dadra and Nagar Haveli,State or territory,2014,4
dadra-nagar-haveli,Dadra and Nagar Haveli,State or territory,2015,2
dadra-nagar-haveli,Dadra and Nagar Haveli,State or territory,2017,38
dadra-nagar-haveli,Dadra and Nagar Haveli,State or territory,2018,5
tamil-nadu,Tamil Nadu,State or territory,1864,59
tamil-nadu,Tamil Nadu,State or territory,1865,3
tamil-nadu,Tamil Nadu,State or territory,1869,9
tamil-nadu,Tamil Nadu,State or territory,1879,5
tamil-nadu,Tamil Nadu,State or territory,1882,203
tamil-nadu,Tamil Nadu,State or territory,1884,20
tamil-nadu,Tamil Nadu,State or territory,1885,57
tamil-nadu,Tamil Nadu,State or territory,1890,22
tamil-nadu,Tamil Nadu,State or territory,1891,44
tamil-nadu,Tamil Nadu,State or territory,1893,2
tamil-nadu,Tamil Nadu,State or territory,1895,18
tamil-nadu,Tamil Nadu,State or territory,1898,11
tamil-nadu,Tamil Nadu,State or territory,1899,20
tamil-nadu,Tamil Nadu,State or territory,1902,78
tamil-nadu,Tamil Nadu,State or territory,1905,45
tamil-nadu,Tamil Nadu,State or territory,1911,52
tamil-nadu,Tamil Nadu,State or territory,1914,35
tamil-nadu,Tamil Nadu,State or territory,1918,2
tamil-nadu,Tamil Nadu,State or territory,1919,54
tamil-nadu,Tamil Nadu,State or territory,1921,39
tamil-nadu,Tamil Nadu,State or territory,1922,58
tamil-nadu,Tamil Nadu,State or territory,1923,346
tamil-nadu,Tamil Nadu,State or territory,1926,38
tamil-nadu,Tamil Nadu,State or territory,1927,99
tamil-nadu,Tamil Nadu,State or territory,1928,1
tamil-nadu,Tamil Nadu,State or territory,1931,4
tamil-nadu,Tamil Nadu,State or territory,1932,31
tamil-nadu,Tamil Nadu,State or territory,1933,13
tamil-nadu,Tamil Nadu,State or territory,1934,100
tamil-nadu,Tamil Nadu,State or territory,1938,104
tamil-nadu,Tamil Nadu,State or territory,1940,77
tamil-nadu,Tamil Nadu,State or territory,1941,2
tamil-nadu,Tamil Nadu,State or territory,1942,11
tamil-nadu,Tamil Nadu,State or territory,1943,92
tamil-nadu,Tamil Nadu,State or territory,1945,41
tamil-nadu,Tamil Nadu,State or territory,1947,199
tamil-nadu,Tamil Nadu,State or territory,1948,119
tamil-nadu,Tamil Nadu,State or territory,1949,177
tamil-nadu,Tamil Nadu,State or territory,1950,7
tamil-nadu,Tamil Nadu,State or territory,1951,77
tamil-nadu,Tamil Nadu,State or territory,1952,26
tamil-nadu,Tamil Nadu,State or territory,1953,2
tamil-nadu,Tamil Nadu,State or territory,1954,90
tamil-nadu,Tamil Nadu,State or territory,1955,158
tamil-nadu,Tamil Nadu,State or territory,1956,106
tamil-nadu,Tamil Nadu,State or territory,1957,202
tamil-nadu,Tamil Nadu,State or territory,1958,54
tamil-nadu,Tamil Nadu,State or territory,1959,598
tamil-nadu,Tamil Nadu,State or territory,1960,27
tamil-nadu,Tamil Nadu,State or territory,1961,393
tamil-nadu,Tamil Nadu,State or territory,1962,26
tamil-nadu,Tamil Nadu,State or territory,1963,156
tamil-nadu,Tamil Nadu,State or territory,1964,11
tamil-nadu,Tamil Nadu,State or territory,1965,248
tamil-nadu,Tamil Nadu,State or territory,1966,127
tamil-nadu,Tamil Nadu,State or territory,1967,49
tamil-nadu,Tamil Nadu,State or territory,1969,35
tamil-nadu,Tamil Nadu,State or territory,1970,80
tamil-nadu,Tamil Nadu,State or territory,1971,506
tamil-nadu,Tamil Nadu,State or territory,1972,437
tamil-nadu,Tamil Nadu,State or territory,1973,57
tamil-nadu,Tamil Nadu,State or territory,1974,184
tamil-nadu,Tamil Nadu,State or territory,1975,166
tamil-nadu,Tamil Nadu,State or territory,1976,193
tamil-nadu,Tamil Nadu,State or territory,1977,3
tamil-nadu,Tamil Nadu,State or territory,1978,334
tamil-nadu,Tamil Nadu,State or territory,1979,30
tamil-nadu,Tamil Nadu,State or territory,1980,19
tamil-nadu,Tamil Nadu,State or territory,1981,200
tamil-nadu,Tamil Nadu,State or territory,1982,59
tamil-nadu,Tamil Nadu,State or territory,1983,111
tamil-nadu,Tamil Nadu,State or territory,1984,1
tamil-nadu,Tamil Nadu,State or territory,1985,7
tamil-nadu,Tamil Nadu,State or territory,1986,14
tamil-nadu,Tamil Nadu,State or territory,1987,541
tamil-nadu,Tamil Nadu,State or territory,1989,7
tamil-nadu,Tamil Nadu,State or territory,1990,228
tamil-nadu,Tamil Nadu,State or territory,1991,45
tamil-nadu,Tamil Nadu,State or territory,1992,15
tamil-nadu,Tamil Nadu,State or territory,1993,22
tamil-nadu,Tamil Nadu,State or territory,1994,815
tamil-nadu,Tamil Nadu,State or territory,1995,157
tamil-nadu,Tamil Nadu,State or territory,1996,160
tamil-nadu,Tamil Nadu,State or territory,1997,378
tamil-nadu,Tamil Nadu,State or territory,1998,908
tamil-nadu,Tamil Nadu,State or territory,1999,5
tamil-nadu,Tamil Nadu,State or territory,2000,152
tamil-nadu,Tamil Nadu,State or territory,2001,113
tamil-nadu,Tamil Nadu,State or territory,2002,92
tamil-nadu,Tamil Nadu,State or territory,2003,24
tamil-nadu,Tamil Nadu,State or territory,2004,3
tamil-nadu,Tamil Nadu,State or territory,2005,48
tamil-nadu,Tamil Nadu,State or territory,2006,378
tamil-nadu,Tamil Nadu,State or territory,2007,43
tamil-nadu,Tamil Nadu,State or territory,2008,259
tamil-nadu,Tamil Nadu,State or territory,2009,55
tamil-nadu,Tamil Nadu,State or territory,2010,584
tamil-nadu,Tamil Nadu,State or territory,2011,174
tamil-nadu,Tamil Nadu,State or territory,2012,275
tamil-nadu,Tamil Nadu,State or territory,2013,92
tamil-nadu,Tamil Nadu,State or territory,2014,80
tamil-nadu,Tamil Nadu,State or territory,2016,456
tamil-nadu,Tamil Nadu,State or territory,2017,77
tamil-nadu,Tamil Nadu,State or territory,2018,595
tamil-nadu,Tamil Nadu,State or territory,2019,196
tamil-nadu,Tamil Nadu,State or territory,2020,43
tamil-nadu,Tamil Nadu,State or territory,2021,68
tamil-nadu,Tamil Nadu,State or territory,2022,148
tamil-nadu,Tamil Nadu,State or territory,2023,15
goa,Goa,State or territory,1867,1424
goa,Goa,State or territory,1939,1043
goa,Goa,State or territory,1961,593
goa,Goa,State or territory,1964,631
goa,Goa,State or territory,1965,322
goa,Goa,State or territory,1966,50
goa,Goa,State or territory,1968,1592
goa,Goa,State or territory,1969,19
goa,Goa,State or territory,1971,38
goa,Goa,State or territory,1972,96
goa,Goa,State or territory,1973,428
goa,Goa,State or territory,1974,624
goa,Goa,State or territory,1976,153
goa,Goa,State or territory,1978,10
goa,Goa,State or territory,1980,233
goa,Goa,State or territory,1981,4
goa,Goa,State or territory,1982,61
goa,Goa,State or territory,1984,334
goa,Goa,State or territory,1985,199
goa,Goa,State or territory,1986,263
goa,Goa,State or territory,1987,6
goa,Goa,State or territory,1988,140
goa,Goa,State or territory,1990,28
goa,Goa,State or territory,1991,70
goa,Goa,State or territory,1993,76
goa,Goa,State or territory,1994,518
goa,Goa,State or territory,1995,158
goa,Goa,State or territory,1996,35
goa,Goa,State or territory,1997,169
goa,Goa,State or territory,1998,44
goa,Goa,State or territory,1999,83
goa,Goa,State or territory,2000,201
goa,Goa,State or territory,2001,564
goa,Goa,State or territory,2002,874
goa,Goa,State or territory,2003,289
goa,Goa,State or territory,2004,1
goa,Goa,State or territory,2005,199
goa,Goa,State or territory,2006,210
goa,Goa,State or territory,2007,691
goa,Goa,State or territory,2008,181
goa,Goa,State or territory,2009,56
goa,Goa,State or territory,2010,25
goa,Goa,State or territory,2011,250
goa,Goa,State or territory,2012,516
goa,Goa,State or territory,2013,136
goa,Goa,State or territory,2014,86
goa,Goa,State or territory,2016,130
goa,Goa,State or territory,2017,147
goa,Goa,State or territory,2018,49
goa,Goa,State or territory,2019,114
goa,Goa,State or territory,2020,117
goa,Goa,State or territory,2021,74
goa,Goa,State or territory,2022,47
goa,Goa,State or territory,2023,58
goa,Goa,State or territory,2024,53
uttar-pradesh,Uttar Pradesh,State or territory,1885,57
uttar-pradesh,Uttar Pradesh,State or territory,1896,20
uttar-pradesh,Uttar Pradesh,State or territory,1904,46
uttar-pradesh,Uttar Pradesh,State or territory,1910,115
uttar-pradesh,Uttar Pradesh,State or territory,1916,605
uttar-pradesh,Uttar Pradesh,State or territory,1917,185
uttar-pradesh,Uttar Pradesh,State or territory,1918,2
uttar-pradesh,Uttar Pradesh,State or territory,1920,145
uttar-pradesh,Uttar Pradesh,State or territory,1921,88
uttar-pradesh,Uttar Pradesh,State or territory,1922,38
uttar-pradesh,Uttar Pradesh,State or territory,1934,159
uttar-pradesh,Uttar Pradesh,State or territory,1936,15
uttar-pradesh,Uttar Pradesh,State or territory,1938,28
uttar-pradesh,Uttar Pradesh,State or territory,1939,77
uttar-pradesh,Uttar Pradesh,State or territory,1940,68
uttar-pradesh,Uttar Pradesh,State or territory,1944,27
uttar-pradesh,Uttar Pradesh,State or territory,1945,41
uttar-pradesh,Uttar Pradesh,State or territory,1947,200
uttar-pradesh,Uttar Pradesh,State or territory,1948,461
uttar-pradesh,Uttar Pradesh,State or territory,1950,54
uttar-pradesh,Uttar Pradesh,State or territory,1951,97
uttar-pradesh,Uttar Pradesh,State or territory,1952,51
uttar-pradesh,Uttar Pradesh,State or territory,1953,143
uttar-pradesh,Uttar Pradesh,State or territory,1954,11
uttar-pradesh,Uttar Pradesh,State or territory,1955,58
uttar-pradesh,Uttar Pradesh,State or territory,1956,15
uttar-pradesh,Uttar Pradesh,State or territory,1957,53
uttar-pradesh,Uttar Pradesh,State or territory,1958,223
uttar-pradesh,Uttar Pradesh,State or territory,1959,890
uttar-pradesh,Uttar Pradesh,State or territory,1960,60
uttar-pradesh,Uttar Pradesh,State or territory,1961,31
uttar-pradesh,Uttar Pradesh,State or territory,1962,215
uttar-pradesh,Uttar Pradesh,State or territory,1963,48
uttar-pradesh,Uttar Pradesh,State or territory,1964,349
uttar-pradesh,Uttar Pradesh,State or territory,1965,91
uttar-pradesh,Uttar Pradesh,State or territory,1966,11
uttar-pradesh,Uttar Pradesh,State or territory,1969,9
uttar-pradesh,Uttar Pradesh,State or territory,1970,38
uttar-pradesh,Uttar Pradesh,State or territory,1971,130
uttar-pradesh,Uttar Pradesh,State or territory,1972,68
uttar-pradesh,Uttar Pradesh,State or territory,1973,1198
uttar-pradesh,Uttar Pradesh,State or territory,1974,56
uttar-pradesh,Uttar Pradesh,State or territory,1975,351
uttar-pradesh,Uttar Pradesh,State or territory,1976,247
uttar-pradesh,Uttar Pradesh,State or territory,1977,31
uttar-pradesh,Uttar Pradesh,State or territory,1978,93
uttar-pradesh,Uttar Pradesh,State or territory,1979,4
uttar-pradesh,Uttar Pradesh,State or territory,1980,34
uttar-pradesh,Uttar Pradesh,State or territory,1981,43
uttar-pradesh,Uttar Pradesh,State or territory,1982,27
uttar-pradesh,Uttar Pradesh,State or territory,1983,278
uttar-pradesh,Uttar Pradesh,State or territory,1984,44
uttar-pradesh,Uttar Pradesh,State or territory,1985,17
uttar-pradesh,Uttar Pradesh,State or territory,1986,107
uttar-pradesh,Uttar Pradesh,State or territory,1987,5
uttar-pradesh,Uttar Pradesh,State or territory,1988,43
uttar-pradesh,Uttar Pradesh,State or territory,1989,10
uttar-pradesh,Uttar Pradesh,State or territory,1990,5
uttar-pradesh,Uttar Pradesh,State or territory,1991,5
uttar-pradesh,Uttar Pradesh,State or territory,1992,11
uttar-pradesh,Uttar Pradesh,State or territory,1993,37
uttar-pradesh,Uttar Pradesh,State or territory,1994,39
uttar-pradesh,Uttar Pradesh,State or territory,1995,242
uttar-pradesh,Uttar Pradesh,State or territory,1996,29
uttar-pradesh,Uttar Pradesh,State or territory,1997,58
uttar-pradesh,Uttar Pradesh,State or territory,1998,7
uttar-pradesh,Uttar Pradesh,State or territory,1999,301
uttar-pradesh,Uttar Pradesh,State or territory,2000,68
uttar-pradesh,Uttar Pradesh,State or territory,2001,204
uttar-pradesh,Uttar Pradesh,State or territory,2002,146
uttar-pradesh,Uttar Pradesh,State or territory,2004,73
uttar-pradesh,Uttar Pradesh,State or territory,2005,264
uttar-pradesh,Uttar Pradesh,State or territory,2006,127
uttar-pradesh,Uttar Pradesh,State or territory,2007,19
uttar-pradesh,Uttar Pradesh,State or territory,2008,538
uttar-pradesh,Uttar Pradesh,State or territory,2009,105
uttar-pradesh,Uttar Pradesh,State or territory,2010,14
uttar-pradesh,Uttar Pradesh,State or territory,2011,77
uttar-pradesh,Uttar Pradesh,State or territory,2012,5
uttar-pradesh,Uttar Pradesh,State or territory,2013,136
uttar-pradesh,Uttar Pradesh,State or territory,2014,120
uttar-pradesh,Uttar Pradesh,State or territory,2015,135
uttar-pradesh,Uttar Pradesh,State or territory,2016,139
uttar-pradesh,Uttar Pradesh,State or territory,2017,716
uttar-pradesh,Uttar Pradesh,State or territory,2018,316
uttar-pradesh,Uttar Pradesh,State or territory,2019,39
uttar-pradesh,Uttar Pradesh,State or territory,2020,509
uttar-pradesh,Uttar Pradesh,State or territory,2021,442
uttar-pradesh,Uttar Pradesh,State or territory,2022,322
uttar-pradesh,Uttar Pradesh,State or territory,2023,223
uttar-pradesh,Uttar Pradesh,State or territory,2024,336
uttar-pradesh,Uttar Pradesh,State or territory,2025,101
gujarat,Gujarat,State or territory,1867,25
gujarat,Gujarat,State or territory,1868,49
gujarat,Gujarat,State or territory,1874,18
gujarat,Gujarat,State or territory,1875,17
gujarat,Gujarat,State or territory,1876,33
gujarat,Gujarat,State or territory,1879,3
gujarat,Gujarat,State or territory,1883,18
gujarat,Gujarat,State or territory,1887,36
gujarat,Gujarat,State or territory,1906,71
gujarat,Gujarat,State or territory,1920,93
gujarat,Gujarat,State or territory,1928,3
gujarat,Gujarat,State or territory,1929,1
gujarat,Gujarat,State or territory,1932,65
gujarat,Gujarat,State or territory,1938,6
gujarat,Gujarat,State or territory,1942,62
gujarat,Gujarat,State or territory,1946,20
gujarat,Gujarat,State or territory,1947,449
gujarat,Gujarat,State or territory,1948,677
gujarat,Gujarat,State or territory,1949,1647
gujarat,Gujarat,State or territory,1950,191
gujarat,Gujarat,State or territory,1951,521
gujarat,Gujarat,State or territory,1952,19
gujarat,Gujarat,State or territory,1953,48
gujarat,Gujarat,State or territory,1954,14
gujarat,Gujarat,State or territory,1955,203
gujarat,Gujarat,State or territory,1956,5
gujarat,Gujarat,State or territory,1957,89
gujarat,Gujarat,State or territory,1958,315
gujarat,Gujarat,State or territory,1959,138
gujarat,Gujarat,State or territory,1960,231
gujarat,Gujarat,State or territory,1961,449
gujarat,Gujarat,State or territory,1962,47
gujarat,Gujarat,State or territory,1963,718
gujarat,Gujarat,State or territory,1964,8
gujarat,Gujarat,State or territory,1965,69
gujarat,Gujarat,State or territory,1967,109
gujarat,Gujarat,State or territory,1968,46
gujarat,Gujarat,State or territory,1969,126
gujarat,Gujarat,State or territory,1972,215
gujarat,Gujarat,State or territory,1973,167
gujarat,Gujarat,State or territory,1976,230
gujarat,Gujarat,State or territory,1978,12
gujarat,Gujarat,State or territory,1979,224
gujarat,Gujarat,State or territory,1980,98
gujarat,Gujarat,State or territory,1981,254
gujarat,Gujarat,State or territory,1982,12
gujarat,Gujarat,State or territory,1984,12
gujarat,Gujarat,State or territory,1985,120
gujarat,Gujarat,State or territory,1986,75
gujarat,Gujarat,State or territory,1987,29
gujarat,Gujarat,State or territory,1989,8
gujarat,Gujarat,State or territory,1991,8
gujarat,Gujarat,State or territory,1992,23
gujarat,Gujarat,State or territory,1993,580
gujarat,Gujarat,State or territory,1994,10
gujarat,Gujarat,State or territory,1999,20
gujarat,Gujarat,State or territory,2000,23
gujarat,Gujarat,State or territory,2001,107
gujarat,Gujarat,State or territory,2002,18
gujarat,Gujarat,State or territory,2003,485
gujarat,Gujarat,State or territory,2004,302
gujarat,Gujarat,State or territory,2005,256
gujarat,Gujarat,State or territory,2006,186
gujarat,Gujarat,State or territory,2007,366
gujarat,Gujarat,State or territory,2008,59
gujarat,Gujarat,State or territory,2009,451
gujarat,Gujarat,State or territory,2010,57
gujarat,Gujarat,State or territory,2011,183
gujarat,Gujarat,State or territory,2012,43
gujarat,Gujarat,State or territory,2013,220
gujarat,Gujarat,State or territory,2014,2
gujarat,Gujarat,State or territory,2015,72
gujarat,Gujarat,State or territory,2016,33
gujarat,Gujarat,State or territory,2017,384
gujarat,Gujarat,State or territory,2018,132
gujarat,Gujarat,State or territory,2019,127
gujarat,Gujarat,State or territory,2020,32
gujarat,Gujarat,State or territory,2021,81
gujarat,Gujarat,State or territory,2022,21
gujarat,Gujarat,State or territory,2023,20
gujarat,Gujarat,State or territory,2025,3
assam,Assam,State or territory,1806,14
assam,Assam,State or territory,1812,5
assam,Assam,State or territory,1819,49
assam,Assam,State or territory,1823,5
assam,Assam,State or territory,1825,12
assam,Assam,State or territory,1827,2
assam,Assam,State or territory,1887,48
assam,Assam,State or territory,1896,3
assam,Assam,State or territory,1912,5
assam,Assam,State or territory,1915,51
assam,Assam,State or territory,1916,36
assam,Assam,State or territory,1923,7
assam,Assam,State or territory,1927,9
assam,Assam,State or territory,1931,16
assam,Assam,State or territory,1932,1
assam,Assam,State or territory,1933,16
assam,Assam,State or territory,1934,116
assam,Assam,State or territory,1935,210
assam,Assam,State or territory,1936,90
assam,Assam,State or territory,1937,3
assam,Assam,State or territory,1938,5
assam,Assam,State or territory,1939,209
assam,Assam,State or territory,1940,3
assam,Assam,State or territory,1941,4
assam,Assam,State or territory,1942,10
assam,Assam,State or territory,1943,48
assam,Assam,State or territory,1944,61
assam,Assam,State or territory,1945,2
assam,Assam,State or territory,1946,27
assam,Assam,State or territory,1947,277
assam,Assam,State or territory,1948,92
assam,Assam,State or territory,1949,196
assam,Assam,State or territory,1950,174
assam,Assam,State or territory,1951,66
assam,Assam,State or territory,1952,23
assam,Assam,State or territory,1953,163
assam,Assam,State or territory,1954,118
assam,Assam,State or territory,1955,181
assam,Assam,State or territory,1956,91
assam,Assam,State or territory,1957,22
assam,Assam,State or territory,1958,161
assam,Assam,State or territory,1959,358
assam,Assam,State or territory,1960,245
assam,Assam,State or territory,1961,146
assam,Assam,State or territory,1962,115
assam,Assam,State or territory,1963,77
assam,Assam,State or territory,1964,154
assam,Assam,State or territory,1965,181
assam,Assam,State or territory,1966,121
assam,Assam,State or territory,1967,86
assam,Assam,State or territory,1968,223
assam,Assam,State or territory,1969,539
assam,Assam,State or territory,1970,121
assam,Assam,State or territory,1971,222
assam,Assam,State or territory,1972,287
assam,Assam,State or territory,1973,227
assam,Assam,State or territory,1974,39
assam,Assam,State or territory,1975,76
assam,Assam,State or territory,1976,59
assam,Assam,State or territory,1977,101
assam,Assam,State or territory,1978,61
assam,Assam,State or territory,1979,75
assam,Assam,State or territory,1980,41
assam,Assam,State or territory,1981,5
assam,Assam,State or territory,1983,27
assam,Assam,State or territory,1984,51
assam,Assam,State or territory,1985,327
assam,Assam,State or territory,1986,66
assam,Assam,State or territory,1987,24
assam,Assam,State or territory,1988,20
assam,Assam,State or territory,1989,96
assam,Assam,State or territory,1990,98
assam,Assam,State or territory,1991,3
assam,Assam,State or territory,1992,36
assam,Assam,State or territory,1993,66
assam,Assam,State or territory,1994,405
assam,Assam,State or territory,1995,314
assam,Assam,State or territory,1996,7
assam,Assam,State or territory,1997,29
assam,Assam,State or territory,1998,201
assam,Assam,State or territory,1999,112
assam,Assam,State or territory,2000,219
assam,Assam,State or territory,2001,30
assam,Assam,State or territory,2002,49
assam,Assam,State or territory,2003,33
assam,Assam,State or territory,2004,162
assam,Assam,State or territory,2005,484
assam,Assam,State or territory,2006,129
assam,Assam,State or territory,2007,547
assam,Assam,State or territory,2008,45
assam,Assam,State or territory,2009,402
assam,Assam,State or territory,2010,237
assam,Assam,State or territory,2011,189
assam,Assam,State or territory,2012,150
assam,Assam,State or territory,2013,479
assam,Assam,State or territory,2014,34
assam,Assam,State or territory,2015,142
assam,Assam,State or territory,2016,218
assam,Assam,State or territory,2017,447
assam,Assam,State or territory,2018,211
assam,Assam,State or territory,2019,43
assam,Assam,State or territory,2020,28
andhra-pradesh,Andhra Pradesh,State or territory,1954,50
andhra-pradesh,Andhra Pradesh,State or territory,1955,44
andhra-pradesh,Andhra Pradesh,State or territory,1956,533
andhra-pradesh,Andhra Pradesh,State or territory,1957,5
andhra-pradesh,Andhra Pradesh,State or territory,1958,131
andhra-pradesh,Andhra Pradesh,State or territory,1960,10
andhra-pradesh,Andhra Pradesh,State or territory,1961,132
andhra-pradesh,Andhra Pradesh,State or territory,1962,54
andhra-pradesh,Andhra Pradesh,State or territory,1963,134
andhra-pradesh,Andhra Pradesh,State or territory,1964,5
andhra-pradesh,Andhra Pradesh,State or territory,1965,95
andhra-pradesh,Andhra Pradesh,State or territory,1967,201
andhra-pradesh,Andhra Pradesh,State or territory,1968,281
andhra-pradesh,Andhra Pradesh,State or territory,1970,65
andhra-pradesh,Andhra Pradesh,State or territory,1971,170
andhra-pradesh,Andhra Pradesh,State or territory,1972,49
andhra-pradesh,Andhra Pradesh,State or territory,1973,130
andhra-pradesh,Andhra Pradesh,State or territory,1974,83
andhra-pradesh,Andhra Pradesh,State or territory,1975,61
andhra-pradesh,Andhra Pradesh,State or territory,1976,102
andhra-pradesh,Andhra Pradesh,State or territory,1977,183
andhra-pradesh,Andhra Pradesh,State or territory,1978,34
andhra-pradesh,Andhra Pradesh,State or territory,1979,178
andhra-pradesh,Andhra Pradesh,State or territory,1980,22
andhra-pradesh,Andhra Pradesh,State or territory,1981,35
andhra-pradesh,Andhra Pradesh,State or territory,1982,74
andhra-pradesh,Andhra Pradesh,State or territory,1983,154
andhra-pradesh,Andhra Pradesh,State or territory,1984,109
andhra-pradesh,Andhra Pradesh,State or territory,1985,257
andhra-pradesh,Andhra Pradesh,State or territory,1986,269
andhra-pradesh,Andhra Pradesh,State or territory,1987,270
andhra-pradesh,Andhra Pradesh,State or territory,1988,270
andhra-pradesh,Andhra Pradesh,State or territory,1989,66
andhra-pradesh,Andhra Pradesh,State or territory,1991,47
andhra-pradesh,Andhra Pradesh,State or territory,1992,103
andhra-pradesh,Andhra Pradesh,State or territory,1993,54
andhra-pradesh,Andhra Pradesh,State or territory,1994,848
andhra-pradesh,Andhra Pradesh,State or territory,1995,265
andhra-pradesh,Andhra Pradesh,State or territory,1996,9
andhra-pradesh,Andhra Pradesh,State or territory,1997,449
andhra-pradesh,Andhra Pradesh,State or territory,1998,410
andhra-pradesh,Andhra Pradesh,State or territory,1999,100
andhra-pradesh,Andhra Pradesh,State or territory,2000,24
andhra-pradesh,Andhra Pradesh,State or territory,2001,327
andhra-pradesh,Andhra Pradesh,State or territory,2002,278
andhra-pradesh,Andhra Pradesh,State or territory,2004,24
andhra-pradesh,Andhra Pradesh,State or territory,2005,190
andhra-pradesh,Andhra Pradesh,State or territory,2006,469
andhra-pradesh,Andhra Pradesh,State or territory,2007,192
andhra-pradesh,Andhra Pradesh,State or territory,2008,541
andhra-pradesh,Andhra Pradesh,State or territory,2009,77
andhra-pradesh,Andhra Pradesh,State or territory,2011,25
andhra-pradesh,Andhra Pradesh,State or territory,2013,48
andhra-pradesh,Andhra Pradesh,State or territory,2014,428
andhra-pradesh,Andhra Pradesh,State or territory,2016,254
andhra-pradesh,Andhra Pradesh,State or territory,2017,1506
andhra-pradesh,Andhra Pradesh,State or territory,2018,285
andhra-pradesh,Andhra Pradesh,State or territory,2019,284
andhra-pradesh,Andhra Pradesh,State or territory,2020,473
andhra-pradesh,Andhra Pradesh,State or territory,2021,67
andhra-pradesh,Andhra Pradesh,State or territory,2023,208
haryana,Haryana,State or territory,1897,5
haryana,Haryana,State or territory,1900,41
haryana,Haryana,State or territory,1914,160
haryana,Haryana,State or territory,1923,134
haryana,Haryana,State or territory,1935,70
haryana,Haryana,State or territory,1936,67
haryana,Haryana,State or territory,1946,31
haryana,Haryana,State or territory,1948,423
haryana,Haryana,State or territory,1949,32
haryana,Haryana,State or territory,1952,183
haryana,Haryana,State or territory,1953,81
haryana,Haryana,State or territory,1955,158
haryana,Haryana,State or territory,1957,26
haryana,Haryana,State or territory,1958,107
haryana,Haryana,State or territory,1961,307
haryana,Haryana,State or territory,1963,31
haryana,Haryana,State or territory,1965,114
haryana,Haryana,State or territory,1966,7
haryana,Haryana,State or territory,1969,60
haryana,Haryana,State or territory,1970,46
haryana,Haryana,State or territory,1971,367
haryana,Haryana,State or territory,1972,286
haryana,Haryana,State or territory,1973,547
haryana,Haryana,State or territory,1974,229
haryana,Haryana,State or territory,1975,408
haryana,Haryana,State or territory,1976,87
haryana,Haryana,State or territory,1977,178
haryana,Haryana,State or territory,1978,22
haryana,Haryana,State or territory,1979,44
haryana,Haryana,State or territory,1980,22
haryana,Haryana,State or territory,1982,2
haryana,Haryana,State or territory,1983,101
haryana,Haryana,State or territory,1984,313
haryana,Haryana,State or territory,1985,163
haryana,Haryana,State or territory,1986,160
haryana,Haryana,State or territory,1987,70
haryana,Haryana,State or territory,1989,93
haryana,Haryana,State or territory,1991,136
haryana,Haryana,State or territory,1992,19
haryana,Haryana,State or territory,1993,9
haryana,Haryana,State or territory,1994,996
haryana,Haryana,State or territory,1995,225
haryana,Haryana,State or territory,1996,106
haryana,Haryana,State or territory,1997,338
haryana,Haryana,State or territory,1999,31
haryana,Haryana,State or territory,2002,39
haryana,Haryana,State or territory,2003,526
haryana,Haryana,State or territory,2004,11
haryana,Haryana,State or territory,2005,126
haryana,Haryana,State or territory,2006,156
haryana,Haryana,State or territory,2007,130
haryana,Haryana,State or territory,2008,476
haryana,Haryana,State or territory,2009,119
haryana,Haryana,State or territory,2010,24
haryana,Haryana,State or territory,2012,46
haryana,Haryana,State or territory,2013,64
haryana,Haryana,State or territory,2014,444
haryana,Haryana,State or territory,2015,26
haryana,Haryana,State or territory,2016,563
haryana,Haryana,State or territory,2017,416
haryana,Haryana,State or territory,2018,272
haryana,Haryana,State or territory,2019,118
haryana,Haryana,State or territory,2020,49
haryana,Haryana,State or territory,2021,298
haryana,Haryana,State or territory,2022,342
haryana,Haryana,State or territory,2024,1
haryana,Haryana,State or territory,2025,26
odisha,Odisha,State or territory,1908,130
odisha,Odisha,State or territory,1937,32
odisha,Odisha,State or territory,1938,50
odisha,Odisha,State or territory,1939,7
odisha,Odisha,State or territory,1942,6
odisha,Odisha,State or territory,1946,19
odisha,Odisha,State or territory,1947,126
odisha,Odisha,State or territory,1948,54
odisha,Odisha,State or territory,1949,122
odisha,Odisha,State or territory,1950,760
odisha,Odisha,State or territory,1951,480
odisha,Odisha,State or territory,1952,90
odisha,Odisha,State or territory,1953,2
odisha,Odisha,State or territory,1954,38
odisha,Odisha,State or territory,1955,381
odisha,Odisha,State or territory,1956,601
odisha,Odisha,State or territory,1957,26
odisha,Odisha,State or territory,1958,76
odisha,Odisha,State or territory,1959,382
odisha,Odisha,State or territory,1960,73
odisha,Odisha,State or territory,1961,140
odisha,Odisha,State or territory,1962,563
odisha,Odisha,State or territory,1963,50
odisha,Odisha,State or territory,1964,360
odisha,Odisha,State or territory,1965,49
odisha,Odisha,State or territory,1966,1
odisha,Odisha,State or territory,1967,40
odisha,Odisha,State or territory,1968,37
odisha,Odisha,State or territory,1969,180
odisha,Odisha,State or territory,1970,71
odisha,Odisha,State or territory,1972,302
odisha,Odisha,State or territory,1974,9
odisha,Odisha,State or territory,1975,210
odisha,Odisha,State or territory,1976,2
odisha,Odisha,State or territory,1977,10
odisha,Odisha,State or territory,1978,86
odisha,Odisha,State or territory,1979,28
odisha,Odisha,State or territory,1980,72
odisha,Odisha,State or territory,1981,184
odisha,Odisha,State or territory,1982,345
odisha,Odisha,State or territory,1983,41
odisha,Odisha,State or territory,1984,50
odisha,Odisha,State or territory,1985,12
odisha,Odisha,State or territory,1986,117
odisha,Odisha,State or territory,1987,55
odisha,Odisha,State or territory,1988,13
odisha,Odisha,State or territory,1989,129
odisha,Odisha,State or territory,1990,71
odisha,Odisha,State or territory,1991,198
odisha,Odisha,State or territory,1992,11
odisha,Odisha,State or territory,1993,118
odisha,Odisha,State or territory,1994,27
odisha,Odisha,State or territory,1995,252
odisha,Odisha,State or territory,1996,37
odisha,Odisha,State or territory,1998,5
odisha,Odisha,State or territory,1999,84
odisha,Odisha,State or territory,2000,28
odisha,Odisha,State or territory,2001,17
odisha,Odisha,State or territory,2002,214
odisha,Odisha,State or territory,2003,363
odisha,Odisha,State or territory,2004,48
odisha,Odisha,State or territory,2005,291
odisha,Odisha,State or territory,2006,17
odisha,Odisha,State or territory,2008,114
odisha,Odisha,State or territory,2009,3
odisha,Odisha,State or territory,2010,174
odisha,Odisha,State or territory,2012,71
odisha,Odisha,State or territory,2013,24
odisha,Odisha,State or territory,2014,199
odisha,Odisha,State or territory,2015,57
odisha,Odisha,State or territory,2016,128
odisha,Odisha,State or territory,2017,898
odisha,Odisha,State or territory,2018,100
odisha,Odisha,State or territory,2019,91
odisha,Odisha,State or territory,2020,233
odisha,Odisha,State or territory,2021,139
odisha,Odisha,State or territory,2022,81
odisha,Odisha,State or territory,2023,169
odisha,Odisha,State or territory,2024,22
odisha,Odisha,State or territory,2025,153
bihar,Bihar,State or territory,1894,74
bihar,Bihar,State or territory,1908,592
bihar,Bihar,State or territory,1910,137
bihar,Bihar,State or territory,1923,168
bihar,Bihar,State or territory,1929,18
bihar,Bihar,State or territory,1935,350
bihar,Bihar,State or territory,1936,67
bihar,Bihar,State or territory,1946,31
bihar,Bihar,State or territory,1947,79
bihar,Bihar,State or territory,1948,885
bihar,Bihar,State or territory,1949,245
bihar,Bihar,State or territory,1950,145
bihar,Bihar,State or territory,1951,16
bihar,Bihar,State or territory,1952,191
bihar,Bihar,State or territory,1953,183
bihar,Bihar,State or territory,1954,49
bihar,Bihar,State or territory,1955,74
bihar,Bihar,State or territory,1956,40
bihar,Bihar,State or territory,1957,100
bihar,Bihar,State or territory,1958,22
bihar,Bihar,State or territory,1959,92
bihar,Bihar,State or territory,1961,87
bihar,Bihar,State or territory,1965,73
bihar,Bihar,State or territory,1966,59
bihar,Bihar,State or territory,1970,21
bihar,Bihar,State or territory,1972,36
bihar,Bihar,State or territory,1974,285
bihar,Bihar,State or territory,1976,42
bihar,Bihar,State or territory,1978,60
bihar,Bihar,State or territory,1980,25
bihar,Bihar,State or territory,1981,27
bihar,Bihar,State or territory,1982,19
bihar,Bihar,State or territory,1984,164
bihar,Bihar,State or territory,1986,182
bihar,Bihar,State or territory,1987,8
bihar,Bihar,State or territory,1988,421
bihar,Bihar,State or territory,1991,11
bihar,Bihar,State or territory,1992,6
bihar,Bihar,State or territory,1994,36
bihar,Bihar,State or territory,1996,172
bihar,Bihar,State or territory,1997,443
bihar,Bihar,State or territory,1998,72
bihar,Bihar,State or territory,1999,21
bihar,Bihar,State or territory,2002,39
bihar,Bihar,State or territory,2006,421
bihar,Bihar,State or territory,2007,121
bihar,Bihar,State or territory,2008,87
bihar,Bihar,State or territory,2009,122
bihar,Bihar,State or territory,2010,233
bihar,Bihar,State or territory,2011,499
bihar,Bihar,State or territory,2012,65
bihar,Bihar,State or territory,2013,379
bihar,Bihar,State or territory,2014,232
bihar,Bihar,State or territory,2015,190
bihar,Bihar,State or territory,2016,323
bihar,Bihar,State or territory,2017,1300
bihar,Bihar,State or territory,2018,222
bihar,Bihar,State or territory,2019,129
bihar,Bihar,State or territory,2020,105
bihar,Bihar,State or territory,2021,96
bihar,Bihar,State or territory,2022,80
bihar,Bihar,State or territory,2023,28
bihar,Bihar,State or territory,2024,66
jharkhand,Jharkhand,State or territory,1887,27
jharkhand,Jharkhand,State or territory,1908,496
jharkhand,Jharkhand,State or territory,1915,165
jharkhand,Jharkhand,State or territory,1917,132
jharkhand,Jharkhand,State or territory,1923,47
jharkhand,Jharkhand,State or territory,1929,18
jharkhand,Jharkhand,State or territory,1935,350
jharkhand,Jharkhand,State or territory,1936,67
jharkhand,Jharkhand,State or territory,1938,67
jharkhand,Jharkhand,State or territory,1946,31
jharkhand,Jharkhand,State or territory,1947,267
jharkhand,Jharkhand,State or territory,1948,369
jharkhand,Jharkhand,State or territory,1949,177
jharkhand,Jharkhand,State or territory,1950,143
jharkhand,Jharkhand,State or territory,1954,49
jharkhand,Jharkhand,State or territory,1955,72
jharkhand,Jharkhand,State or territory,1956,96
jharkhand,Jharkhand,State or territory,1959,14
jharkhand,Jharkhand,State or territory,1961,87
jharkhand,Jharkhand,State or territory,1966,59
jharkhand,Jharkhand,State or territory,1970,21
jharkhand,Jharkhand,State or territory,1972,36
jharkhand,Jharkhand,State or territory,1974,23
jharkhand,Jharkhand,State or territory,1976,23
jharkhand,Jharkhand,State or territory,1978,60
jharkhand,Jharkhand,State or territory,1981,5
jharkhand,Jharkhand,State or territory,1982,281
jharkhand,Jharkhand,State or territory,1986,104
jharkhand,Jharkhand,State or territory,1987,8
jharkhand,Jharkhand,State or territory,1993,38
jharkhand,Jharkhand,State or territory,1995,171
jharkhand,Jharkhand,State or territory,1996,39
jharkhand,Jharkhand,State or territory,2000,795
jharkhand,Jharkhand,State or territory,2001,191
jharkhand,Jharkhand,State or territory,2002,73
jharkhand,Jharkhand,State or territory,2005,586
jharkhand,Jharkhand,State or territory,2006,27
jharkhand,Jharkhand,State or territory,2007,34
jharkhand,Jharkhand,State or territory,2008,2
jharkhand,Jharkhand,State or territory,2010,103
jharkhand,Jharkhand,State or territory,2011,1394
jharkhand,Jharkhand,State or territory,2012,362
jharkhand,Jharkhand,State or territory,2014,3
jharkhand,Jharkhand,State or territory,2015,318
jharkhand,Jharkhand,State or territory,2016,447
jharkhand,Jharkhand,State or territory,2017,1130
jharkhand,Jharkhand,State or territory,2018,548
jharkhand,Jharkhand,State or territory,2020,74
jharkhand,Jharkhand,State or territory,2021,4
himachal-pradesh,Himachal Pradesh,State or territory,1952,7
himachal-pradesh,Himachal Pradesh,State or territory,1954,374
himachal-pradesh,Himachal Pradesh,State or territory,1955,118
himachal-pradesh,Himachal Pradesh,State or territory,1956,39
himachal-pradesh,Himachal Pradesh,State or territory,1964,50
himachal-pradesh,Himachal Pradesh,State or territory,1966,26
himachal-pradesh,Himachal Pradesh,State or territory,1968,1151
himachal-pradesh,Himachal Pradesh,State or territory,1969,219
himachal-pradesh,Himachal Pradesh,State or territory,1970,122
himachal-pradesh,Himachal Pradesh,State or territory,1971,32
himachal-pradesh,Himachal Pradesh,State or territory,1972,485
himachal-pradesh,Himachal Pradesh,State or territory,1973,163
himachal-pradesh,Himachal Pradesh,State or territory,1974,45
himachal-pradesh,Himachal Pradesh,State or territory,1975,63
himachal-pradesh,Himachal Pradesh,State or territory,1976,356
himachal-pradesh,Himachal Pradesh,State or territory,1977,291
himachal-pradesh,Himachal Pradesh,State or territory,1978,77
himachal-pradesh,Himachal Pradesh,State or territory,1979,508
himachal-pradesh,Himachal Pradesh,State or territory,1981,33
himachal-pradesh,Himachal Pradesh,State or territory,1982,26
himachal-pradesh,Himachal Pradesh,State or territory,1983,9
himachal-pradesh,Himachal Pradesh,State or territory,1984,33
himachal-pradesh,Himachal Pradesh,State or territory,1985,8
himachal-pradesh,Himachal Pradesh,State or territory,1986,54
himachal-pradesh,Himachal Pradesh,State or territory,1987,169
himachal-pradesh,Himachal Pradesh,State or territory,1988,4
himachal-pradesh,Himachal Pradesh,State or territory,1991,6
himachal-pradesh,Himachal Pradesh,State or territory,1992,23
himachal-pradesh,Himachal Pradesh,State or territory,1994,2092
himachal-pradesh,Himachal Pradesh,State or territory,1995,69
himachal-pradesh,Himachal Pradesh,State or territory,1996,147
himachal-pradesh,Himachal Pradesh,State or territory,1997,49
himachal-pradesh,Himachal Pradesh,State or territory,1999,116
himachal-pradesh,Himachal Pradesh,State or territory,2000,53
himachal-pradesh,Himachal Pradesh,State or territory,2001,119
himachal-pradesh,Himachal Pradesh,State or territory,2002,216
himachal-pradesh,Himachal Pradesh,State or territory,2003,83
himachal-pradesh,Himachal Pradesh,State or territory,2004,92
himachal-pradesh,Himachal Pradesh,State or territory,2005,270
himachal-pradesh,Himachal Pradesh,State or territory,2006,111
himachal-pradesh,Himachal Pradesh,State or territory,2007,358
himachal-pradesh,Himachal Pradesh,State or territory,2008,105
himachal-pradesh,Himachal Pradesh,State or territory,2009,316
himachal-pradesh,Himachal Pradesh,State or territory,2010,332
himachal-pradesh,Himachal Pradesh,State or territory,2011,131
himachal-pradesh,Himachal Pradesh,State or territory,2012,226
himachal-pradesh,Himachal Pradesh,State or territory,2014,225
himachal-pradesh,Himachal Pradesh,State or territory,2015,81
himachal-pradesh,Himachal Pradesh,State or territory,2016,96
himachal-pradesh,Himachal Pradesh,State or territory,2017,680
himachal-pradesh,Himachal Pradesh,State or territory,2018,75
himachal-pradesh,Himachal Pradesh,State or territory,2019,88
himachal-pradesh,Himachal Pradesh,State or territory,2021,60
himachal-pradesh,Himachal Pradesh,State or territory,2022,33
himachal-pradesh,Himachal Pradesh,State or territory,2023,51
uttarakhand,Uttarakhand,State or territory,1901,83
uttarakhand,Uttarakhand,State or territory,1904,46
uttarakhand,Uttarakhand,State or territory,1910,115
uttarakhand,Uttarakhand,State or territory,1916,605
uttarakhand,Uttarakhand,State or territory,1917,30
uttarakhand,Uttarakhand,State or territory,1921,88
uttarakhand,Uttarakhand,State or territory,1922,25
uttarakhand,Uttarakhand,State or territory,1926,18
uttarakhand,Uttarakhand,State or territory,1934,17
uttarakhand,Uttarakhand,State or territory,1935,12
uttarakhand,Uttarakhand,State or territory,1936,22
uttarakhand,Uttarakhand,State or territory,1938,50
uttarakhand,Uttarakhand,State or territory,1947,469
uttarakhand,Uttarakhand,State or territory,1948,69
uttarakhand,Uttarakhand,State or territory,1950,13
uttarakhand,Uttarakhand,State or territory,1951,72
uttarakhand,Uttarakhand,State or territory,1952,47
uttarakhand,Uttarakhand,State or territory,1953,113
uttarakhand,Uttarakhand,State or territory,1955,56
uttarakhand,Uttarakhand,State or territory,1956,36
uttarakhand,Uttarakhand,State or territory,1957,5
uttarakhand,Uttarakhand,State or territory,1958,34
uttarakhand,Uttarakhand,State or territory,1959,924
uttarakhand,Uttarakhand,State or territory,1960,105
uttarakhand,Uttarakhand,State or territory,1961,301
uttarakhand,Uttarakhand,State or territory,1962,101
uttarakhand,Uttarakhand,State or territory,1963,32
uttarakhand,Uttarakhand,State or territory,1964,306
uttarakhand,Uttarakhand,State or territory,1965,76
uttarakhand,Uttarakhand,State or territory,1970,32
uttarakhand,Uttarakhand,State or territory,1971,39
uttarakhand,Uttarakhand,State or territory,1972,25
uttarakhand,Uttarakhand,State or territory,1973,222
uttarakhand,Uttarakhand,State or territory,1974,44
uttarakhand,Uttarakhand,State or territory,1975,317
uttarakhand,Uttarakhand,State or territory,1976,240
uttarakhand,Uttarakhand,State or territory,1977,21
uttarakhand,Uttarakhand,State or territory,1978,18
uttarakhand,Uttarakhand,State or territory,1980,58
uttarakhand,Uttarakhand,State or territory,1981,7
uttarakhand,Uttarakhand,State or territory,1982,115
uttarakhand,Uttarakhand,State or territory,1983,18
uttarakhand,Uttarakhand,State or territory,1984,2
uttarakhand,Uttarakhand,State or territory,1986,32
uttarakhand,Uttarakhand,State or territory,1990,5
uttarakhand,Uttarakhand,State or territory,1994,12
uttarakhand,Uttarakhand,State or territory,1995,196
uttarakhand,Uttarakhand,State or territory,1997,58
uttarakhand,Uttarakhand,State or territory,1998,22
uttarakhand,Uttarakhand,State or territory,1999,145
uttarakhand,Uttarakhand,State or territory,2000,32
uttarakhand,Uttarakhand,State or territory,2002,36
uttarakhand,Uttarakhand,State or territory,2003,248
uttarakhand,Uttarakhand,State or territory,2005,215
uttarakhand,Uttarakhand,State or territory,2007,29
uttarakhand,Uttarakhand,State or territory,2008,50
uttarakhand,Uttarakhand,State or territory,2011,245
uttarakhand,Uttarakhand,State or territory,2012,14
uttarakhand,Uttarakhand,State or territory,2013,34
uttarakhand,Uttarakhand,State or territory,2014,178
uttarakhand,Uttarakhand,State or territory,2015,19
uttarakhand,Uttarakhand,State or territory,2016,318
uttarakhand,Uttarakhand,State or territory,2017,627
uttarakhand,Uttarakhand,State or territory,2018,18
uttarakhand,Uttarakhand,State or territory,2019,131
uttarakhand,Uttarakhand,State or territory,2020,1
uttarakhand,Uttarakhand,State or territory,2021,12
uttarakhand,Uttarakhand,State or territory,2022,11
jammu-kashmir,Jammu and Kashmir,State or territory,1945,15
jammu-kashmir,Jammu and Kashmir,State or territory,1956,87
jammu-kashmir,Jammu and Kashmir,State or territory,1957,36
jammu-kashmir,Jammu and Kashmir,State or territory,1958,109
jammu-kashmir,Jammu and Kashmir,State or territory,1959,19
jammu-kashmir,Jammu and Kashmir,State or territory,1960,65
jammu-kashmir,Jammu and Kashmir,State or territory,1961,9
jammu-kashmir,Jammu and Kashmir,State or territory,1962,7
jammu-kashmir,Jammu and Kashmir,State or territory,1963,122
jammu-kashmir,Jammu and Kashmir,State or territory,1965,83
jammu-kashmir,Jammu and Kashmir,State or territory,1967,41
jammu-kashmir,Jammu and Kashmir,State or territory,1969,153
jammu-kashmir,Jammu and Kashmir,State or territory,1970,218
jammu-kashmir,Jammu and Kashmir,State or territory,1971,7
jammu-kashmir,Jammu and Kashmir,State or territory,1972,8
jammu-kashmir,Jammu and Kashmir,State or territory,1973,53
jammu-kashmir,Jammu and Kashmir,State or territory,1974,35
jammu-kashmir,Jammu and Kashmir,State or territory,1975,67
jammu-kashmir,Jammu and Kashmir,State or territory,1976,326
jammu-kashmir,Jammu and Kashmir,State or territory,1977,594
jammu-kashmir,Jammu and Kashmir,State or territory,1978,125
jammu-kashmir,Jammu and Kashmir,State or territory,1979,38
jammu-kashmir,Jammu and Kashmir,State or territory,1981,16
jammu-kashmir,Jammu and Kashmir,State or territory,1982,185
jammu-kashmir,Jammu and Kashmir,State or territory,1983,100
jammu-kashmir,Jammu and Kashmir,State or territory,1984,11
jammu-kashmir,Jammu and Kashmir,State or territory,1985,10
jammu-kashmir,Jammu and Kashmir,State or territory,1987,44
jammu-kashmir,Jammu and Kashmir,State or territory,1988,154
jammu-kashmir,Jammu and Kashmir,State or territory,1989,644
jammu-kashmir,Jammu and Kashmir,State or territory,1995,33
jammu-kashmir,Jammu and Kashmir,State or territory,1996,299
jammu-kashmir,Jammu and Kashmir,State or territory,1997,35
jammu-kashmir,Jammu and Kashmir,State or territory,1999,305
jammu-kashmir,Jammu and Kashmir,State or territory,2000,1495
jammu-kashmir,Jammu and Kashmir,State or territory,2001,56
jammu-kashmir,Jammu and Kashmir,State or territory,2002,283
jammu-kashmir,Jammu and Kashmir,State or territory,2004,47
jammu-kashmir,Jammu and Kashmir,State or territory,2005,188
jammu-kashmir,Jammu and Kashmir,State or territory,2006,190
jammu-kashmir,Jammu and Kashmir,State or territory,2007,103
jammu-kashmir,Jammu and Kashmir,State or territory,2008,31
jammu-kashmir,Jammu and Kashmir,State or territory,2010,884
jammu-kashmir,Jammu and Kashmir,State or territory,2011,143
jammu-kashmir,Jammu and Kashmir,State or territory,2012,183
jammu-kashmir,Jammu and Kashmir,State or territory,2013,64
jammu-kashmir,Jammu and Kashmir,State or territory,2014,113
jammu-kashmir,Jammu and Kashmir,State or territory,2016,105
jammu-kashmir,Jammu and Kashmir,State or territory,2017,649
jammu-kashmir,Jammu and Kashmir,State or territory,2018,629
jammu-kashmir,Jammu and Kashmir,State or territory,2020,7
tripura,Tripura,State or territory,1926,8
tripura,Tripura,State or territory,1927,99
tripura,Tripura,State or territory,1948,292
tripura,Tripura,State or territory,1960,379
tripura,Tripura,State or territory,1961,407
tripura,Tripura,State or territory,1964,4
tripura,Tripura,State or territory,1965,9
tripura,Tripura,State or territory,1966,51
tripura,Tripura,State or territory,1967,80
tripura,Tripura,State or territory,1969,24
tripura,Tripura,State or territory,1970,17
tripura,Tripura,State or territory,1971,3
tripura,Tripura,State or territory,1972,2
tripura,Tripura,State or territory,1973,879
tripura,Tripura,State or territory,1974,303
tripura,Tripura,State or territory,1975,138
tripura,Tripura,State or territory,1976,256
tripura,Tripura,State or territory,1978,70
tripura,Tripura,State or territory,1979,195
tripura,Tripura,State or territory,1980,210
tripura,Tripura,State or territory,1982,150
tripura,Tripura,State or territory,1983,58
tripura,Tripura,State or territory,1984,2
tripura,Tripura,State or territory,1985,7
tripura,Tripura,State or territory,1986,104
tripura,Tripura,State or territory,1987,387
tripura,Tripura,State or territory,1988,8
tripura,Tripura,State or territory,1989,14
tripura,Tripura,State or territory,1990,202
tripura,Tripura,State or territory,1991,96
tripura,Tripura,State or territory,1992,9
tripura,Tripura,State or territory,1993,418
tripura,Tripura,State or territory,1997,84
tripura,Tripura,State or territory,2000,205
tripura,Tripura,State or territory,2003,16
tripura,Tripura,State or territory,2004,399
tripura,Tripura,State or territory,2005,15
tripura,Tripura,State or territory,2006,17
tripura,Tripura,State or territory,2007,82
tripura,Tripura,State or territory,2008,54
tripura,Tripura,State or territory,2010,54
tripura,Tripura,State or territory,2011,21
tripura,Tripura,State or territory,2013,57
tripura,Tripura,State or territory,2014,33
tripura,Tripura,State or territory,2016,279
tripura,Tripura,State or territory,2017,338
tripura,Tripura,State or territory,2018,234
tripura,Tripura,State or territory,2019,70
tripura,Tripura,State or territory,2020,252
tripura,Tripura,State or territory,2021,93
tripura,Tripura,State or territory,2022,158
tripura,Tripura,State or territory,2023,80
delhi,Delhi,State or territory,1870,114
delhi,Delhi,State or territory,1947,196
delhi,Delhi,State or territory,1948,367
delhi,Delhi,State or territory,1950,10
delhi,Delhi,State or territory,1953,150
delhi,Delhi,State or territory,1954,556
delhi,Delhi,State or territory,1955,119
delhi,Delhi,State or territory,1956,196
delhi,Delhi,State or territory,1962,43
delhi,Delhi,State or territory,1968,111
delhi,Delhi,State or territory,1970,44
delhi,Delhi,State or territory,1971,18
delhi,Delhi,State or territory,1973,42
delhi,Delhi,State or territory,1978,191
delhi,Delhi,State or territory,1981,144
delhi,Delhi,State or territory,1986,58
delhi,Delhi,State or territory,1993,75
delhi,Delhi,State or territory,1994,153
delhi,Delhi,State or territory,1995,28
delhi,Delhi,State or territory,1996,382
delhi,Delhi,State or territory,1997,109
delhi,Delhi,State or territory,1998,1204
delhi,Delhi,State or territory,1999,67
delhi,Delhi,State or territory,2000,135
delhi,Delhi,State or territory,2001,74
delhi,Delhi,State or territory,2002,47
delhi,Delhi,State or territory,2003,512
delhi,Delhi,State or territory,2004,159
delhi,Delhi,State or territory,2006,26
delhi,Delhi,State or territory,2007,194
delhi,Delhi,State or territory,2008,112
delhi,Delhi,State or territory,2009,171
delhi,Delhi,State or territory,2010,99
delhi,Delhi,State or territory,2011,21
delhi,Delhi,State or territory,2012,64
delhi,Delhi,State or territory,2013,73
delhi,Delhi,State or territory,2015,25
delhi,Delhi,State or territory,2017,348
delhi,Delhi,State or territory,2018,58
delhi,Delhi,State or territory,2019,95
puducherry,Puducherry,State or territory,1897,15
puducherry,Puducherry,State or territory,1908,107
puducherry,Puducherry,State or territory,1961,15
puducherry,Puducherry,State or territory,1962,24
puducherry,Puducherry,State or territory,1964,236
puducherry,Puducherry,State or territory,1965,100
puducherry,Puducherry,State or territory,1966,131
puducherry,Puducherry,State or territory,1967,108
puducherry,Puducherry,State or territory,1968,536
puducherry,Puducherry,State or territory,1969,332
puducherry,Puducherry,State or territory,1970,512
puducherry,Puducherry,State or territory,1971,13
puducherry,Puducherry,State or territory,1972,523
puducherry,Puducherry,State or territory,1973,2222
puducherry,Puducherry,State or territory,1980,61
puducherry,Puducherry,State or territory,1986,26
puducherry,Puducherry,State or territory,1987,172
puducherry,Puducherry,State or territory,1988,15
puducherry,Puducherry,State or territory,1990,13
puducherry,Puducherry,State or territory,1994,25
puducherry,Puducherry,State or territory,1995,171
puducherry,Puducherry,State or territory,2000,40
puducherry,Puducherry,State or territory,2001,91
puducherry,Puducherry,State or territory,2002,52
puducherry,Puducherry,State or territory,2003,156
puducherry,Puducherry,State or territory,2008,80
puducherry,Puducherry,State or territory,2015,25
puducherry,Puducherry,State or territory,2016,279
puducherry,Puducherry,State or territory,2017,707
puducherry,Puducherry,State or territory,2019,239
arunachal-pradesh,Arunachal Pradesh,State or territory,1891,116
arunachal-pradesh,Arunachal Pradesh,State or territory,1945,63
arunachal-pradesh,Arunachal Pradesh,State or territory,1978,291
arunachal-pradesh,Arunachal Pradesh,State or territory,1979,113
arunachal-pradesh,Arunachal Pradesh,State or territory,1983,8
arunachal-pradesh,Arunachal Pradesh,State or territory,1984,206
arunachal-pradesh,Arunachal Pradesh,State or territory,1987,4
arunachal-pradesh,Arunachal Pradesh,State or territory,1989,45
arunachal-pradesh,Arunachal Pradesh,State or territory,1991,103
arunachal-pradesh,Arunachal Pradesh,State or territory,1993,203
arunachal-pradesh,Arunachal Pradesh,State or territory,1997,206
arunachal-pradesh,Arunachal Pradesh,State or territory,1998,30
arunachal-pradesh,Arunachal Pradesh,State or territory,1999,1
arunachal-pradesh,Arunachal Pradesh,State or territory,2000,132
arunachal-pradesh,Arunachal Pradesh,State or territory,2002,73
arunachal-pradesh,Arunachal Pradesh,State or territory,2003,3
arunachal-pradesh,Arunachal Pradesh,State or territory,2004,20
arunachal-pradesh,Arunachal Pradesh,State or territory,2005,182
arunachal-pradesh,Arunachal Pradesh,State or territory,2006,149
arunachal-pradesh,Arunachal Pradesh,State or territory,2007,108
arunachal-pradesh,Arunachal Pradesh,State or territory,2008,981
arunachal-pradesh,Arunachal Pradesh,State or territory,2009,149
arunachal-pradesh,Arunachal Pradesh,State or territory,2010,220
arunachal-pradesh,Arunachal Pradesh,State or territory,2011,65
arunachal-pradesh,Arunachal Pradesh,State or territory,2012,549
arunachal-pradesh,Arunachal Pradesh,State or territory,2013,14
arunachal-pradesh,Arunachal Pradesh,State or territory,2014,433
arunachal-pradesh,Arunachal Pradesh,State or territory,2015,147
arunachal-pradesh,Arunachal Pradesh,State or territory,2016,43
arunachal-pradesh,Arunachal Pradesh,State or territory,2017,923
arunachal-pradesh,Arunachal Pradesh,State or territory,2018,70
arunachal-pradesh,Arunachal Pradesh,State or territory,2019,643
arunachal-pradesh,Arunachal Pradesh,State or territory,2020,44
arunachal-pradesh,Arunachal Pradesh,State or territory,2021,72
arunachal-pradesh,Arunachal Pradesh,State or territory,2022,55
arunachal-pradesh,Arunachal Pradesh,State or territory,2023,115
arunachal-pradesh,Arunachal Pradesh,State or territory,2024,4
arunachal-pradesh,Arunachal Pradesh,State or territory,2025,94
meghalaya,Meghalaya,State or territory,1970,87
meghalaya,Meghalaya,State or territory,1971,47
meghalaya,Meghalaya,State or territory,1972,61
meghalaya,Meghalaya,State or territory,1973,74
meghalaya,Meghalaya,State or territory,1974,12
meghalaya,Meghalaya,State or territory,1976,93
meghalaya,Meghalaya,State or territory,1977,39
meghalaya,Meghalaya,State or territory,1978,16
meghalaya,Meghalaya,State or territory,1979,9
meghalaya,Meghalaya,State or territory,1980,271
meghalaya,Meghalaya,State or territory,1981,125
meghalaya,Meghalaya,State or territory,1983,60
meghalaya,Meghalaya,State or territory,1984,14
meghalaya,Meghalaya,State or territory,1986,61
meghalaya,Meghalaya,State or territory,1987,32
meghalaya,Meghalaya,State or territory,1988,31
meghalaya,Meghalaya,State or territory,1989,2
meghalaya,Meghalaya,State or territory,1990,17
meghalaya,Meghalaya,State or territory,1991,8
meghalaya,Meghalaya,State or territory,1992,25
meghalaya,Meghalaya,State or territory,1993,30
meghalaya,Meghalaya,State or territory,1994,8
meghalaya,Meghalaya,State or territory,1995,18
meghalaya,Meghalaya,State or territory,1997,20
meghalaya,Meghalaya,State or territory,1998,23
meghalaya,Meghalaya,State or territory,2001,10
meghalaya,Meghalaya,State or territory,2002,33
meghalaya,Meghalaya,State or territory,2003,279
meghalaya,Meghalaya,State or territory,2004,65
meghalaya,Meghalaya,State or territory,2005,314
meghalaya,Meghalaya,State or territory,2006,47
meghalaya,Meghalaya,State or territory,2008,146
meghalaya,Meghalaya,State or territory,2009,52
meghalaya,Meghalaya,State or territory,2010,404
meghalaya,Meghalaya,State or territory,2011,197
meghalaya,Meghalaya,State or territory,2012,160
meghalaya,Meghalaya,State or territory,2014,152
meghalaya,Meghalaya,State or territory,2015,386
meghalaya,Meghalaya,State or territory,2016,133
meghalaya,Meghalaya,State or territory,2017,729
meghalaya,Meghalaya,State or territory,2018,158
meghalaya,Meghalaya,State or territory,2019,127
meghalaya,Meghalaya,State or territory,2020,658
meghalaya,Meghalaya,State or territory,2021,75
meghalaya,Meghalaya,State or territory,2022,124
meghalaya,Meghalaya,State or territory,2024,91
nagaland,Nagaland,State or territory,1954,2
nagaland,Nagaland,State or territory,1964,32
nagaland,Nagaland,State or territory,1965,59
nagaland,Nagaland,State or territory,1966,43
nagaland,Nagaland,State or territory,1967,244
nagaland,Nagaland,State or territory,1968,32
nagaland,Nagaland,State or territory,1969,29
nagaland,Nagaland,State or territory,1970,84
nagaland,Nagaland,State or territory,1971,22
nagaland,Nagaland,State or territory,1973,25
nagaland,Nagaland,State or territory,1974,71
nagaland,Nagaland,State or territory,1978,84
nagaland,Nagaland,State or territory,1979,31
nagaland,Nagaland,State or territory,1980,37
nagaland,Nagaland,State or territory,1981,6
nagaland,Nagaland,State or territory,1982,28
nagaland,Nagaland,State or territory,1984,2
nagaland,Nagaland,State or territory,1985,84
nagaland,Nagaland,State or territory,1988,152
nagaland,Nagaland,State or territory,1989,236
nagaland,Nagaland,State or territory,1990,142
nagaland,Nagaland,State or territory,1992,12
nagaland,Nagaland,State or territory,1993,133
nagaland,Nagaland,State or territory,1994,4
nagaland,Nagaland,State or territory,1997,28
nagaland,Nagaland,State or territory,1999,61
nagaland,Nagaland,State or territory,2000,54
nagaland,Nagaland,State or territory,2001,1020
nagaland,Nagaland,State or territory,2002,9
nagaland,Nagaland,State or territory,2003,7
nagaland,Nagaland,State or territory,2004,3
nagaland,Nagaland,State or territory,2005,185
nagaland,Nagaland,State or territory,2006,210
nagaland,Nagaland,State or territory,2007,7
nagaland,Nagaland,State or territory,2008,6
nagaland,Nagaland,State or territory,2009,20
nagaland,Nagaland,State or territory,2011,58
nagaland,Nagaland,State or territory,2012,153
nagaland,Nagaland,State or territory,2013,95
nagaland,Nagaland,State or territory,2014,228
nagaland,Nagaland,State or territory,2016,55
nagaland,Nagaland,State or territory,2017,500
nagaland,Nagaland,State or territory,2018,29
nagaland,Nagaland,State or territory,2019,113
nagaland,Nagaland,State or territory,2020,32
nagaland,Nagaland,State or territory,2021,99
nagaland,Nagaland,State or territory,2022,30
nagaland,Nagaland,State or territory,2023,153
nagaland,Nagaland,State or territory,2024,49
andaman-nicobar,Andaman and Nicobar Islands,State or territory,1894,92
andaman-nicobar,Andaman and Nicobar Islands,State or territory,1908,171
andaman-nicobar,Andaman and Nicobar Islands,State or territory,1917,132
andaman-nicobar,Andaman and Nicobar Islands,State or territory,1927,99
andaman-nicobar,Andaman and Nicobar Islands,State or territory,1936,67
andaman-nicobar,Andaman and Nicobar Islands,State or territory,1939,651
andaman-nicobar,Andaman and Nicobar Islands,State or territory,1948,369
andaman-nicobar,Andaman and Nicobar Islands,State or territory,1951,99
andaman-nicobar,Andaman and Nicobar Islands,State or territory,1955,26
andaman-nicobar,Andaman and Nicobar Islands,State or territory,1956,12
andaman-nicobar,Andaman and Nicobar Islands,State or territory,1957,156
andaman-nicobar,Andaman and Nicobar Islands,State or territory,1961,92
andaman-nicobar,Andaman and Nicobar Islands,State or territory,1963,33
andaman-nicobar,Andaman and Nicobar Islands,State or territory,1964,5
andaman-nicobar,Andaman and Nicobar Islands,State or territory,1966,264
andaman-nicobar,Andaman and Nicobar Islands,State or territory,1970,21
andaman-nicobar,Andaman and Nicobar Islands,State or territory,1972,454
andaman-nicobar,Andaman and Nicobar Islands,State or territory,1973,335
andaman-nicobar,Andaman and Nicobar Islands,State or territory,1979,4
andaman-nicobar,Andaman and Nicobar Islands,State or territory,1980,4
andaman-nicobar,Andaman and Nicobar Islands,State or territory,1981,84
andaman-nicobar,Andaman and Nicobar Islands,State or territory,1986,29
andaman-nicobar,Andaman and Nicobar Islands,State or territory,1987,6
andaman-nicobar,Andaman and Nicobar Islands,State or territory,1989,11
andaman-nicobar,Andaman and Nicobar Islands,State or territory,1994,520
andaman-nicobar,Andaman and Nicobar Islands,State or territory,1995,171
andaman-nicobar,Andaman and Nicobar Islands,State or territory,2001,51
andaman-nicobar,Andaman and Nicobar Islands,State or territory,2003,42
andaman-nicobar,Andaman and Nicobar Islands,State or territory,2012,163
andaman-nicobar,Andaman and Nicobar Islands,State or territory,2016,279
manipur,Manipur,State or territory,1924,53
manipur,Manipur,State or territory,1948,292
manipur,Manipur,State or territory,1972,68
manipur,Manipur,State or territory,1973,8
manipur,Manipur,State or territory,1974,7
manipur,Manipur,State or territory,1975,103
manipur,Manipur,State or territory,1976,323
manipur,Manipur,State or territory,1977,30
manipur,Manipur,State or territory,1978,181
manipur,Manipur,State or territory,1979,199
manipur,Manipur,State or territory,1980,1
manipur,Manipur,State or territory,1981,91
manipur,Manipur,State or territory,1982,6
manipur,Manipur,State or territory,1983,4
manipur,Manipur,State or territory,1984,43
manipur,Manipur,State or territory,1985,7
manipur,Manipur,State or territory,1986,81
manipur,Manipur,State or territory,1987,1
manipur,Manipur,State or territory,1988,75
manipur,Manipur,State or territory,1989,94
manipur,Manipur,State or territory,1991,10
manipur,Manipur,State or territory,1992,100
manipur,Manipur,State or territory,1995,6
manipur,Manipur,State or territory,1996,51
manipur,Manipur,State or territory,1997,8
manipur,Manipur,State or territory,1998,40
manipur,Manipur,State or territory,2000,45
manipur,Manipur,State or territory,2001,2
manipur,Manipur,State or territory,2002,4
manipur,Manipur,State or territory,2003,59
manipur,Manipur,State or territory,2004,54
manipur,Manipur,State or territory,2005,71
manipur,Manipur,State or territory,2006,97
manipur,Manipur,State or territory,2007,2
manipur,Manipur,State or territory,2008,24
manipur,Manipur,State or territory,2009,55
manipur,Manipur,State or territory,2010,77
manipur,Manipur,State or territory,2011,60
manipur,Manipur,State or territory,2012,54
manipur,Manipur,State or territory,2013,59
manipur,Manipur,State or territory,2014,155
manipur,Manipur,State or territory,2015,382
manipur,Manipur,State or territory,2016,122
manipur,Manipur,State or territory,2017,315
manipur,Manipur,State or territory,2018,152
manipur,Manipur,State or territory,2020,2
manipur,Manipur,State or territory,2021,21
manipur,Manipur,State or territory,2023,865
sikkim,Sikkim,State or territory,1975,90
sikkim,Sikkim,State or territory,1977,89
sikkim,Sikkim,State or territory,1978,160
sikkim,Sikkim,State or territory,1979,49
sikkim,Sikkim,State or territory,1980,86
sikkim,Sikkim,State or territory,1981,87
sikkim,Sikkim,State or territory,1982,176
sikkim,Sikkim,State or territory,1983,260
sikkim,Sikkim,State or territory,1984,22
sikkim,Sikkim,State or territory,1985,16
sikkim,Sikkim,State or territory,1986,74
sikkim,Sikkim,State or territory,1987,20
sikkim,Sikkim,State or territory,1988,4
sikkim,Sikkim,State or territory,1992,75
sikkim,Sikkim,State or territory,1993,453
sikkim,Sikkim,State or territory,1995,7
sikkim,Sikkim,State or territory,1996,32
sikkim,Sikkim,State or territory,1997,23
sikkim,Sikkim,State or territory,1998,218
sikkim,Sikkim,State or territory,2000,27
sikkim,Sikkim,State or territory,2002,67
sikkim,Sikkim,State or territory,2003,38
sikkim,Sikkim,State or territory,2004,88
sikkim,Sikkim,State or territory,2005,368
sikkim,Sikkim,State or territory,2006,124
sikkim,Sikkim,State or territory,2007,334
sikkim,Sikkim,State or territory,2008,252
sikkim,Sikkim,State or territory,2010,16
sikkim,Sikkim,State or territory,2011,44
sikkim,Sikkim,State or territory,2012,3
sikkim,Sikkim,State or territory,2013,39
sikkim,Sikkim,State or territory,2014,135
sikkim,Sikkim,State or territory,2016,9
sikkim,Sikkim,State or territory,2017,289
sikkim,Sikkim,State or territory,2018,58
sikkim,Sikkim,State or territory,2020,78
sikkim,Sikkim,State or territory,2021,240
sikkim,Sikkim,State or territory,2022,105
ladakh,Ladakh,State or territory,1945,17
ladakh,Ladakh,State or territory,1956,31
ladakh,Ladakh,State or territory,1957,36
ladakh,Ladakh,State or territory,1958,111
ladakh,Ladakh,State or territory,1959,19
ladakh,Ladakh,State or territory,1963,107
ladakh,Ladakh,State or territory,1967,41
ladakh,Ladakh,State or territory,1970,139
ladakh,Ladakh,State or territory,1972,16
ladakh,Ladakh,State or territory,1973,57
ladakh,Ladakh,State or territory,1975,67
ladakh,Ladakh,State or territory,1976,63
ladakh,Ladakh,State or territory,1977,603
ladakh,Ladakh,State or territory,1978,95
ladakh,Ladakh,State or territory,1981,10
ladakh,Ladakh,State or territory,1983,58
ladakh,Ladakh,State or territory,1987,44
ladakh,Ladakh,State or territory,1988,36
ladakh,Ladakh,State or territory,1989,315
ladakh,Ladakh,State or territory,1997,6
ladakh,Ladakh,State or territory,1999,249
ladakh,Ladakh,State or territory,2000,4
ladakh,Ladakh,State or territory,2002,179
ladakh,Ladakh,State or territory,2005,56
ladakh,Ladakh,State or territory,2006,99
ladakh,Ladakh,State or territory,2007,23
ladakh,Ladakh,State or territory,2010,168
ladakh,Ladakh,State or territory,2011,98
ladakh,Ladakh,State or territory,2012,101
ladakh,Ladakh,State or territory,2014,84
ladakh,Ladakh,State or territory,2018,187
mizoram,Mizoram,State or territory,1988,52
mizoram,Mizoram,State or territory,1991,35
mizoram,Mizoram,State or territory,1992,50
mizoram,Mizoram,State or territory,1993,17
mizoram,Mizoram,State or territory,1994,47
mizoram,Mizoram,State or territory,1995,58
mizoram,Mizoram,State or territory,1996,6
mizoram,Mizoram,State or territory,1997,11
mizoram,Mizoram,State or territory,1999,17
mizoram,Mizoram,State or territory,2001,21
mizoram,Mizoram,State or territory,2007,3
mizoram,Mizoram,State or territory,2009,31
mizoram,Mizoram,State or territory,2010,23
mizoram,Mizoram,State or territory,2011,187
mizoram,Mizoram,State or territory,2012,39
mizoram,Mizoram,State or territory,2013,239
mizoram,Mizoram,State or territory,2014,350
mizoram,Mizoram,State or territory,2015,14
mizoram,Mizoram,State or territory,2016,223
mizoram,Mizoram,State or territory,2017,385
mizoram,Mizoram,State or territory,2021,33
mizoram,Mizoram,State or territory,2022,44
mizoram,Mizoram,State or territory,2023,66
lakshadweep,Lakshadweep,State or territory,1995,171
